id,text,description
0,２時間しか寝てない,人物：短髪の少年、シャツ姿、顔をやや斜め向きで自信ありげな姿勢;表情：目を大きく見開き、口元に微笑み、やる気や自信が感じられる;背景：背景は白一色で場所や時間帯の情報なし;効果：集中線や擬音語なし、人物にシャドウとハイライトの描写;トーン：全体的に明るく、前向きな雰囲気;印象：少ない睡眠でも前向きなパワーや自信、やる気が強く伝わる
1,僕は…汚い大人になんかなりたくない…,人物：短髪の少年、制服風の服装、横顔で真剣な姿勢;表情：強い決意と嫌悪感が表れている;背景：白背景で場所や時間の情報なし;効果：集中線や擬音はなく、キャラの表情強調;トーン：緊張感と葛藤が漂う暗めの雰囲気;印象：読者に強い反発心と純粋さを感じさせる
2,ほっといても死ぬ…どうせ死ぬなら腹を開けろ…,人物：中年〜高齢の男性、眼鏡をかけ、上から強い視線で睨みつけている。;表情：目を見開き、怒りや強い決意、狂気が感じられる。;背景：背景は省略され、キャラクターの顔のアップが強調。;効果：目元を強調する細かい線とトーンで緊張感が増幅。;トーン：暗く鋭い雰囲気、緊張感と重圧が強い。;印象：切迫した状況と冷酷な決意、圧倒的な威圧感が伝わる。
3,違う！！僕みたいな研修医を一人しか置かない病院が悪いんだ！！,人物：若い男性が床に手をつき、年配の男性が立って見下ろしている。;表情：若い男性は必死な表情、強い訴えを感じさせる。;背景：本棚が並ぶ狭い室内、夜の医療現場の一角。;効果：セリフの強調に大きなフキダシ、緊張感を高める線。;トーン：緊張感が高く、切迫した雰囲気。;印象：追い詰められた状況での叫びが読者に危機感を伝える。
4,そもそも俺が金を取ることとお前がオペをしなかったことに何の関係がある？,人物：中年男性、眼鏡・口ひげ・シワが多い、顔がアップで描かれている;表情：目を見開き驚愕や動揺、不安が感じられる;背景：なし、人物の顔にフォーカス;効果：細かい線やハッチングで緊張感を強調;トーン：重苦しく緊迫した雰囲気;印象：読者に強い緊張感と圧迫感、事態の深刻さを伝える
5,聞こえのいい正論をするな,人物：中年男性、眼鏡、口髭、横顔、真剣な姿勢;表情：眉をひそめ、口を引き結び苛立ちや厳しさが表れている;背景：白背景、場所や時間帯は不明、特定の環境描写なし;効果：集中線や擬音語なし、余白が強調されている;トーン：緊張感があり、重苦しい雰囲気;印象：厳しい忠告や警告が強く読者に伝わる
6,強くなれ,人物：中年の男性、メガネと口ひげ、スーツ姿、正面を見ている。;表情：沈んだ目と口元、悲しみや切なさが感じられる。;背景：白い空間、場所や時間は特定できない。;効果：細かい陰影やトーンで重々しさを演出。;トーン：暗く重苦しい、シリアスな雰囲気。;印象：読む人に強さを求める苦悩や葛藤を訴える。
7,このまま田舎に帰りてぇぇぇ,人物：少年、短髪、制服姿、顔を大きく前に突き出して叫ぶ;表情：目を閉じて大声で泣き叫び、強い怒りや悔しさ;背景：白背景に集中線、場所や時間の明示なし;効果：集中線でインパクト強調、大きなセリフで感情表現;トーン：緊張感と絶望感が強い雰囲気;印象：読者に強い切迫感とキャラの葛藤が伝わる
8,なんだったんだ・・・今の・・・？,人物：若い医師、手術帽とマスク、手術着姿でやや身を固くしている。;表情：目を大きく見開き驚きや困惑が感じられる。;背景：作業中の室内、具体的な機器や窓などは描写なし。;効果：汗の描写で緊張感を演出、集中線や擬音語はなし。;トーン：緊張感と不安が漂うシリアスな雰囲気。;印象：緊迫した状況で何か予想外のことが起こったことが伝わる。
9,手遅れだったからだ,人物：眼鏡をかけた中年男性、アップで顔の一部のみ描写。;表情：目元が鋭く、険しい表情で緊張感を持つ。;背景：背景はトーンのみで場所や時間帯は不明。;効果：集中線や影トーンで緊迫感を演出。;トーン：全体的に暗く重い雰囲気。;印象：読者に深刻さや後悔の念を強く伝える。
10,脈がない,人物：短髪で制服姿の少年、顔を大きく前に出している;表情：驚愕と恐怖、目を見開き汗をかいている;背景：背景は白で場所や時間帯は描写なし;効果：汗や目の強調、セリフの吹き出しが緊迫感を演出;トーン：シリアスで緊張感のある雰囲気;印象：不吉な予感や異常事態への不安が強く伝わる
11,生き返れ,人物：若い男性が汗を流し、年配の男性が酸素チューブをつけて横たわる。;表情：若い男性は必死で切迫した表情、年配男性は無表情。;背景：青い色調で病院など緊急の場面を想起させる。;効果：集中線や水滴による緊張感の強調。;トーン：切迫感と緊張感が支配的。;印象：命の重みや諦めない心が強く伝わるシーン。
12,だまって死ぬのを見てろって言うんですか・・・？,人物：短髪の少年、制服姿、少し前傾で口を開け発言;表情：眉をひそめ目を見開き、怒りや焦りが伺える;背景：背景は白、場所や時間の情報は描かれていない;効果：汗や斜線で緊張感、セリフ強調の吹き出し;トーン：シリアスで緊迫感が強い;印象：葛藤や正義感が読み取れ、読者に強い訴えが伝わる
13,ヒゲが伸びている・・・,人物：短髪の男性、眉が太く目元が鋭い、顔のアップ;表情：真剣で少し驚いた様子、眉間にしわ;背景：背景は白く、場所や時間は描かれていない;効果：集中線や細かい陰影で目元を強調;トーン：緊張感があり硬い雰囲気;印象：些細な発見にも強い意識が向けられていることが伝わる
14,僕は医者だ・・・！！,人物：若い男性、シャツとネクタイ姿、上を見上げる力強い姿勢;表情：真剣で決意に満ちた表情;背景：白背景で場所や時間帯は特定不可;効果：影のコントラスト、強調された表情、力強いセリフ;トーン：緊張感と決意が強調された雰囲気;印象：全力で使命感や覚悟が伝わり、読者に強い印象を与える
15,そのくらいの覚悟だ！,人物：眼鏡をかけた中年男性、スーツ姿、上半身を前に傾け威圧的;表情：険しい眉、鋭い目線、冷静ながらも緊張感;背景：黒い影が多く、場所特定できず、重苦しい雰囲気;効果：集中線・黒ベタで緊張感強調;トーン：全体的に暗く、緊張感が漂う;印象：強い覚悟や圧力を突きつけられる印象
16,お前らも脱げ,人物：筋肉質の男性が白ふんどし姿で立つ、後ろに温泉マーク付き浴衣の人物2人;表情：ふんどしの男性は真剣な表情;背景：明確な背景はなく、室内のような白い空間;効果：集中線や擬音語はなく、セリフの強調のみ;トーン：ややコミカルで異様な緊張感;印象：読者にインパクトと一種の緊張感、奇抜さを与える
17,（パチパチパチ）,人物：眼鏡をかけた男性、和服姿、横顔、手を叩いている;表情：真剣で落ち着いた表情;背景：白背景、場所や時間帯の詳細なし;効果：拍手の擬音語「パチ」、手を叩く動きを強調;トーン：静かで緊張感のある雰囲気;印象：冷静な賞賛や承認の意志が伝わる
18,（ウオォォォ）,人物：中央に眼鏡をかけた年配の人物と、その周囲に複数の人々が立つ;表情：中央人物は無表情またはやや不機嫌、周囲は表情が目立たない;背景：屋内、ステージ上、観客らしき集団の前;効果：拍手の擬音「パチ」、集中線による強調;トーン：やや緊張感があり、重々しい雰囲気;印象：集団の注目を集め圧力が感じられ、評価や審判の瞬間を想起させる
19,（バッ）,人物：短髪、サングラス、筋肉質な男性、上半身裸でふんどし、ガウンを脱いでいる;表情：口を引き結び、真剣かつ冷静な印象;背景：白背景に集中線、場所や時間帯の詳細は描写なし;効果：集中線や速度線で動きと緊迫感を強調;トーン：緊張感とインパクトが強く、やや異様な雰囲気;印象：圧倒的な自信と異様な存在感、行動の大胆さが伝わる
20,万歳〜〜〜!!,人物：下着姿の男性多数と、空中に高く投げ上げられた一人;表情：投げられた人物は驚きまたは困惑の表情;背景：白背景で詳細なし、屋内外不明;効果：擬音語なし、視線を集める構図;トーン：明るくコミカルな雰囲気;印象：集団の勢いとユーモア、祝いの高揚感が伝わる
21,これが医者の世界だ,人物：二人の男性が温泉に浸かり、頭にタオルを乗せている。<br>;表情：左は驚き、右は真剣で冷静な表情。<br>;背景：屋外の温泉、岩や木の塀が見える。<br>;効果：集中線や擬音語はなく、静かな雰囲気。<br>;トーン：穏やかで落ち着いた雰囲気。<br>;印象：医師の世界の奥深さや落ち着きを感じさせる。
22,（スパーーーーッ）,人物：ショートヘアの女性、カジュアルな服、斜め横顔でタバコを持ち吸っている姿勢;表情：目を細めて無表情、落ち着いた雰囲気;背景：単色で無地、場所や時間帯は不明;効果：煙の軌跡と「スパーッ」という擬音語;トーン：静寂で大人っぽい、淡々とした雰囲気;印象：落ち着きやクールさ、日常の一瞬を切り取った印象
23,不満があるなら自分が権力を握って帰るしかないんじゃないのか？,人物：眼鏡をかけた男性、きりっとした眉、顔の一部だけがアップ;表情：鋭い視線で真剣かつ挑戦的;背景：背景はほぼなし、白くシンプル;効果：顔に影と集中線状の陰影、強調効果;トーン：緊張感と重みのある雰囲気;印象：現実を突きつけられるような強いメッセージ
24,暑いです,人物：短髪の女性、黒いシャツ、サングラスを胸元にかけている、汗をかいている;表情：汗をかきつつ顔をしかめ、不快感や暑さにイライラしている;背景：白一色で描写なし、場面や時間帯は不明;効果：汗、頬の線で暑さと不快感を強調;トーン：やや重苦しく暑さでうんざりした雰囲気;印象：夏の暑さが伝わり、共感や苦労が感じられる
25,もういい手術だ。こんなんなってから持ってきやがって。,人物：中年男性、メガネ、ヒゲ、スーツ姿、前傾で顔を強調;表情：激しい怒りや苛立ち、睨みつけている;背景：室内、背景はシンプルで絵柄なし;効果：顔の輪郭を強調する太線、セリフの配置で緊張感;トーン：暗く重苦しい、切迫した雰囲気;印象：威圧的で冷淡、相手への強い不満や絶望感が伝わる
26,ねえ坊や・・・オレ達はいつもお前らの尻拭いをしてやってるんだよ・・・,人物：中年男性、スーツ姿、ネクタイ、やや猫背で前傾姿勢;表情：目を大きく見開き、不気味な笑みで不穏さを漂わせている;背景：グラデーションのトーン処理で場所や時間帯の特定は困難;効果：顔に強い陰影とトーンでインパクトと緊張感を強調;トーン：全体的に暗く、不気味で緊張感のある雰囲気;印象：読者に不安や警戒心、底知れぬ恐怖を与える
27,だから一流はアブナイのよ,人物：ショートヘアで切れ長の目、口元にほくろ、黒い服、上半身のアップ;表情：自信に満ちた微笑み、挑発的で余裕のある目つき;背景：暗いグラデーショントーン、場所や時間帯の特定は困難;効果：顔に影とトーンが強調され、緊張感を演出;トーン：シリアスでクール、危険を感じさせる雰囲気;印象：読者に知性と危うさ、カリスマ性を強く伝える
28,こじつけだよ,人物：メガネをかけた男性、作業着姿で腕を後ろに組んでいる;表情：やや冷めた、警戒心を持つような表情;背景：室内、扉がありシンプルな環境;効果：背景に細かなトーン処理、集中線などはなし;トーン：静かでやや緊張感のある雰囲気;印象：警告や警戒を感じさせる場面、疑念や不信感を読者に与える
29,仕事は山積みなんだ。余計な頭を使って仕事を遅らせるな…,人物：スーツ姿の男性2人、片方が背中を見せ手を組む;表情：顔は見えないが、厳しさや緊張感が漂う;背景：室内、壁などの描写は少なく場所の特定は困難;効果：網点や陰影で落ち着いた雰囲気を強調;トーン：暗く、圧迫感や重苦しさ;印象：上司の叱責、業務の厳しい現場を感じさせる
30,おいそこの弁当の買い出しに行け,人物：短髪でスーツ姿、腕組みした中年男性、胸ポケットにペンあり;表情：無表情で冷静、やや命令的な雰囲気;背景：白くシンプルな背景、場所や時間帯の情報なし;効果：特に視覚効果なし、セリフの強調のみ;トーン：淡々とした、やや冷たい雰囲気;印象：事務的で威圧感があり、従わせるメッセージが強い
31,僕は…なんのためにこんな事をしているんだ…？,人物：黒髪で前髪が長く、汗だくの若い男性がうつむき気味に描かれている。;表情：眉をひそめ、目がうつろで強い不安と混乱を感じる。;背景：背景は暗く、線が重なり抽象的で具体的な場所は不明。;効果：汗、スピード線、集中線、「…？」の擬音語で動揺を強調。;トーン：全体的に暗く、重苦しい雰囲気が漂う。;印象：追い詰められ自問自答する姿に読者も不安や緊張感を感じる。
32,だって…だって…,人物：少年、短髪、制服、肩を震わせうつむいている。;表情：涙を流し、歯を食いしばり、激しく動揺・怒り・悲しみが混在。;背景：シンプルで描写なし、キャラクターの感情に集中。;効果：線やトーンで汗や涙を強調、緊張感重視の描写。;トーン：暗く重苦しい、感情の高まりを強調。;印象：苦しみや葛藤が激しく伝わり、読者も胸が締め付けられる。
33,ビンビンだぜイエーーーー！！,人物：女性がワンピース姿で後ろ向きに立ち、車が正面から向かってくる。;表情：女性の表情は見えないが、立ち尽くしている様子から驚きや困惑を感じさせる。;背景：田舎道のような未舗装道路、周囲は草むら、時間帯は不明。;効果：スピード線、集中線、擬音語「ブォーー」で車のスピード感を強調。;トーン：緊張感と勢いのある場面。;印象：疾走感と突然の出来事の衝撃が伝わり、読者は先の展開に引き込まれる。
34,だったらやる事は決まってるじゃない！,人物：短髪で大きな目、唇に特徴、顔にほくろ、女性、アップ描写;表情：自信に満ちた鋭い眼差しと微笑み;背景：背景なし、人物に集中;効果：集中線や擬音語なし、顔の陰影で強調;トーン：明るく強い意志を感じさせる雰囲気;印象：読者に行動力と決断力を強く印象付ける
35,すいません… 僕に３万円貸してください,人物：ネクタイ姿の青年が汗をかきながらお辞儀、前に座る女性はラフな服装で後ろ姿。;表情：青年は焦りと緊張が見え、必死な様子。;背景：草地や地面が描かれた屋外、時間帯は不明。;効果：お辞儀の動きを示す「ぺこ。」、汗の描写で緊張感強調。;トーン：全体的に切迫感と不安が漂う。;印象：読者に緊急性と人物の困窮が伝わる場面。
36,時間がないんです…,人物：髪が濡れた短髪の若い男性、シャツ姿、前のめりの体勢;表情：汗だくで目が見開き、必死さと焦りがにじむ;背景：詳細な描写なし、場所や時間は不明;効果：汗の描写とトーンで緊迫感を表現;トーン：切迫感と焦燥が強い緊張した雰囲気;印象：追い詰められた状況で危機感や緊急性が伝わる
37,5年後にも同じ事をしてなかったら…アンタ…ニセモノだぜ,人物：中年男性、濃い眉毛、縮れた黒髪、柄物の服、正面を向いている;表情：鋭い目つきとへの字口で厳しい、真剣な心理状態;背景：白背景、場所や時間帯の情報なし;効果：細かい線によるリアルな質感、セリフの強調;トーン：重く緊張感のある雰囲気;印象：厳しい忠告や覚悟を促すメッセージが強く伝わる
38,技術は基本だ　もっと大事なのは想像力だよ,人物：短髪でくせ毛、太い眉、スーツ風の服、正面を向き姿勢が良い;表情：真剣で厳しい目つき、落ち着いた口元;背景：背景は白く、場所や時間帯は描写なし;効果：集中線や擬音語なし、シンプルな構図;トーン：全体的に硬く重い、緊張感のある雰囲気;印象：説得力や威圧感、言葉の重みを感じさせる
39,すまない…アンタの力にはなれない…,人物：中年男性、太い眉、着物風の服装、顔に皺が多い、アップの描写;表情：苦悩と謝罪が混じった厳しい表情;背景：背景なし、キャラクターに焦点;効果：細かい陰影と線で重厚感強調、集中線なし;トーン：暗く重い、緊張感が漂う;印象：葛藤や諦め、無力感が読者に伝わる
40,Oh~yes~~Just a minute すぐ行くべー,人物：中年男性、麦わら帽子、Tシャツ、タオルを首にかけ、片手をあげている;表情：口を開けてやや無表情、余裕や軽い返事の雰囲気;背景：白背景で場所や時間は不明、詳細な描写なし;効果：視覚効果なし、台詞の吹き出しのみ;トーン：落ち着いた雰囲気、日常的;印象：のんびりした対応で、急ぎすぎない姿勢が伝わる
41,クビ？ハラキリ？社会不適合者？,人物：左から少年、少女、青年で、カジュアルな服装、真正面を向いて直立;表情：驚きや困惑、無表情ぎみで冷静さも感じる;背景：白一色で、場所や時間帯の情報なし;効果：セリフの吹き出しのみで、視覚効果は最小限;トーン：淡々とした雰囲気で静けさが強い;印象：言葉の重さと無機質さが際立ち、読者に緊張感や違和感を与える
42,え・・・？クビ・・・？,人物：髪が長めの若者、スーツ姿、受話器を持ちながら驚いた様子で立っている。;表情：目を見開き、驚きと混乱、動揺が読み取れる。;背景：詳細な描写なし、白地で人物を強調。;効果：集中線や斜線で動揺を表現、吹き出しから間の長さを強調。;トーン：緊張感と衝撃が強く、場面が重い雰囲気。;印象：突然のショックや信じがたい出来事に直面した動揺が伝わる。
43,キミ…ウワサになってるよ…,人物：長い前髪の女性、顔が大きくアップで描かれ、服装は不明;表情：見開いた目で真剣かつ緊張した印象;背景：背景はシンプルで省略され、場所や時間帯は不明;効果：細かいトーンとハッチングで心理的緊張感を演出;トーン：全体的に暗く、重い雰囲気;印象：核心を突く台詞で、読者に緊張や不安を与える
44,お母さんあんたば信じてるからね！あんたば信じてるからね！,人物：前髪が長く目元が強調されたキャラクター、顔の一部と大きな目が描かれている;表情：見開いた目で強い感情や切迫感、必死さが読み取れる;背景：背景はなく、目のアップに集中した構図;効果：集中線やクロスハッチングで緊張感を演出;トーン：全体的に暗く、緊張感や切実さが漂う雰囲気;印象：読者に強い意志や思いの強さ、絶対的な信頼を感じさせる
45,教授回診ーー藤井教授回診が始まりまーす！！,人物：男性医師数名、全員白衣・スーツ姿、中心人物は口ひげありで堂々と歩く;表情：顔は詳細に描かれていないが、真剣で威厳ある印象;背景：病院の廊下、明るい照明、扉が並ぶ;効果：集中線やスピード線で迫力と威圧感を強調;トーン：緊張感と荘厳さの漂う雰囲気;印象：権威や権力の強さ、回診の重々しさが伝わる
46,特に異常はないねバアさん,人物：中年男性、口ひげ、短髪、スーツ風の服、上半身のみ描写;表情：落ち着いた表情、少し無表情、冷静に見える;背景：単色のぼかし、時間帯や場所は特定不可;効果：視覚効果は特になし、吹き出しのみ;トーン：落ち着いた雰囲気、緊張感は薄い;印象：冷静に状況を説明する場面、安心感や平穏さが伝わる
47,閉めるな,人物：口ひげの中年男性、スーツ姿、肩越しに振り向く姿勢;表情：半目で睨むような冷静さと威圧感;背景：モノトーンの点描、室内の描写なし;効果：線の効果控えめ、集中線なし;トーン：緊張感が漂う重い雰囲気;印象：読者に強い存在感と命令の重さを伝える
48,今更何言ってやがる…アンタは口だけじゃないか…！,人物：無精ひげの男性、太い眉、汗をかき険しい表情、顔のアップ。;表情：怒りや苛立ち、不信感が強く現れている。;背景：暗く、詳細は描かれていないが緊迫した空間。;効果：集中線や白抜きで視線を強調。;トーン：重く緊張感のある雰囲気。;印象：強い対立や疑念、相手への不信が直接伝わる。
49,わかんねぇもう何を信じたらいいんだか…,人物：無精髭の男性、汗をかき苦悩の表情、顔を近づけ俯せの姿勢。;表情：絶望や困惑が強く表れ、目を見開き苦しそう。;背景：背景描写なし、キャラクターの顔が画面の大部分を占める。;効果：集中線やスピード線はなく、汗と線画で緊迫感を表現。;トーン：重苦しく暗い、強い緊張と葛藤が漂う。;印象：信頼や希望を失った絶望感が痛烈に伝わるシーン。
50,断る,人物：短髪でスーツ姿の中年男性、横顔で立っている;表情：眉をひそめた真剣な表情、決意が感じられる;背景：荒波が打ち寄せる海辺、曇り空、夕方または曇天;効果：波の激しさを強調する描線、セリフの吹き出し;トーン：暗く重い雰囲気、緊張感と決意が漂う;印象：強い意思と拒絶のメッセージが強く伝わる
51,なんか嫌です！,人物：スーツ姿の男性二人、手前は後ろ姿、奥は髪が乱れ拳を握る若者;表情：奥の人物は顔を赤らめ怒りや反発の感情が読み取れる;背景：背景は真っ白で場所や時間帯の詳細は不明;効果：奥の人物の髪やスーツの動きで勢いが強調;トーン：緊張感があり、対立や拒絶の雰囲気;印象：強い拒否や反発の意思がストレートに伝わる
52,ほんの少しだって…悔いは残したくないんだ…！！,人物：無精ひげで汗だく、険しい目つきの中年男性、寝そべった姿勢;表情：目を見開き歯を食いしばる、強い決意と苦悩がにじむ;背景：平坦な地面、詳細な描写は少なく場所や時間は不明;効果：汗、影、濃い線で緊張感・焦燥感を強調;トーン：暗く重苦しい、切迫感と後悔への強い拒絶;印象：死や極限状況での強い意志と苦しみが迫ってくる
53,なぜ…こんな事が許されるんだ…！？,人物：太い眉、鋭い目つき、マスクと手術着を着た男性、少しうつむき気味;表情：驚愕と困惑、額や頬に汗;背景：背景は省略され、場所や時間帯は特定できない;効果：汗と影線が緊張感を強調;トーン：重苦しく緊張感のある雰囲気;印象：深刻な事態への疑問や葛藤が読者に強く伝わる
54,何をやっとるかアアア！！,人物：若い男性がシャツ姿で中腰、もう一人はスーツ姿で背を向けている;表情：若い男性は驚きと警戒、スーツの男は怒り;背景：屋内、雨が降る外と接している玄関付近;効果：雨の線や擬音で緊張感を強調;トーン：暗くて緊迫した雰囲気;印象：緊張が高まり、衝突や事件の予感を与える
55,何やってる…？,人物：短髪でがっしりした体格、黒いシャツに白いズボン、胸元に刺青が見える男性、直立の姿勢。;表情：眉をひそめて口を結び、不審や困惑の表情。;背景：カーテン付きのドア、室内、夜か薄暗い室内。;効果：ベタやトーンで陰影を強調、集中線や擬音語なし。;トーン：緊張感があり、やや重い雰囲気。;印象：突然の登場で場に緊張を与え、何か問題が起きていることを示唆。
56,僕はしつこいぞォォォ！！,人物：短髪で乱れた髪、ワイシャツ姿、正面を向き指を差している;表情：目を見開き口を大きく開け、必死で叫ぶ怒りや決意の表情;背景：集中線のみで場所や環境は描かれていない;効果：集中線で迫力と強調、汗や動線で緊張感を演出;トーン：緊張感と迫力が強く、感情が爆発している雰囲気;印象：強い自己主張や執念、諦めない意志が伝わる
57,嫌です！！,人物：若い男性、明るい髪、ネクタイとシャツ、肩に力が入り怒っている;表情：激怒し目を見開き歯を食いしばる、汗をかいている;背景：赤みがかった抽象的な背景、光が差し込む;効果：集中線や飛び散る線、汗や効果線で迫力を強調;トーン：非常に緊張感・迫力のある雰囲気;印象：強い拒絶と感情の爆発を読者に伝える
58,速い…こんなに速いのか…,人物：手術帽とマスクを着用した若い医師、正面を向き大きく目を見開いている;表情：驚きと焦りが混じった表情、額に汗がにじむ;背景：手術室と思われるが詳細不明、背景はシンプル;効果：顔のアップと汗、汗線やハッチングで緊張感を強調;トーン：緊張感が高く、切迫した雰囲気;印象：極限状態での医師の動揺と状況の異常さが読者に伝わる
59,動けエエエエ！！,人物：筋肉質な巨人で、鎧のような顔つき、力強く両手を握りしめている;表情：目を見開き、必死で強い決意や焦燥感が表れている;背景：周囲はエネルギーや風が渦巻くような動線、場所や時間は不明瞭;効果：強調された集中線や激しいスピード線で迫力を演出;トーン：緊迫感が高く、激しいエネルギーを感じさせる暗めの雰囲気;印象：絶体絶命の状況であがく強い意志と絶望が読者に伝わる
60,俺は…俺の決断を信じる…！！,人物：メガネとゴーグル、額当てを着用し、汗をかきながら真剣な表情の男性;表情：眉間にしわを寄せ、決意と緊張感が伝わる強い目つき;背景：具体的な場所は描かれていないが、手術や緊迫した現場の雰囲気;効果：細かな線や影で緊張感を強調し、集中線は使われていない;トーン：全体的に暗く重い、切迫感のある雰囲気;印象：読者に強い覚悟と自信、苦難に立ち向かう意志の強さが伝わる
61,ありがとう,人物：中年男性、濃い眉毛、短髪、正面を向いた顔のアップ;表情：穏やかで少し微笑んだ表情、感謝や安心感;背景：無地で白一色、場所や時間帯は特定できない;効果：細かい線とハッチングで陰影を表現;トーン：落ち着いた静かな雰囲気;印象：誠実さや重みのある「ありがとう」が伝わる
62,一番大切なのはよ…己に克つ力だぜ…,人物：太い眉と力強い表情の中年男性、顔のアップ、服装は描写なし;表情：真剣で決意に満ちた表情、強い意志を感じる;背景：線のみで場所や時間帯は明確でない;効果：斜線による陰影と緊張感の強調;トーン：重く緊張感があり真剣な雰囲気;印象：自己克服の重要性や男らしいメッセージが強く伝わる
63,すいませんでした！！,人物：白衣を着た若い男性、眼鏡、うつむき加減、前屈みの姿勢;表情：眉をしかめており、強い謝罪や後悔の感情が読み取れる;背景：室内、掲示物や書類が貼られた壁、診療所や研究室の一室;効果：大きなセリフ枠と擬音なしで緊張感を強調;トーン：全体的にシリアスで重苦しい雰囲気;印象：謝罪の真剣さと切迫感が伝わり、読者に緊張感を与える
64,逃げ出した奴が…いい人ぶるなよ…,人物：若い男性、前髪が目にかかり、顔が大きくアップで描かれている;表情：涙を浮かべつつ怒りと悲しみが混じる険しい表情;背景：背景は省略され、人物の顔に集中した構図;効果：太い線や影、涙で感情の高ぶりを強調;トーン：暗く重苦しい、緊迫感のある雰囲気;印象：葛藤や憤りが強く伝わり、読者に切迫した感情を残す
65,走れ！！救急信号が鳴ってんだぞ！！,人物：若い男性が汗だくで走り、Tシャツを着て必死な姿勢。後ろにもう一人男性。;表情：前の人物は目を見開き、口を大きく開け焦りや必死さを表現。;背景：背景は抽象的で線が多く、特定の場所や時間帯の描写なし。;効果：スピード線や集中線が走る動きを強調している。;トーン：緊迫した雰囲気で勢いと緊張感が強い。;印象：緊急事態への焦りや必死さ、今すぐ行動しなければならない切迫感が伝わる。
66,ナンセンスです　それはあなたの感情論だ,人物：スーツ姿で眼鏡をかけた男性、真面目な印象、直立した姿勢;表情：口を真一文字に結び、冷静かつ厳しい表情;背景：背景は白く、場所や時間帯は特定できない;効果：キャラ部分に濃淡トーン、効果線なし;トーン：全体的に冷たく緊張感のある雰囲気;印象：理論的かつ冷淡な人物像が伝わり、緊張感を与える
67,ご意見は十分に承りました,人物：短髪の中年男性、無地のTシャツとズボン着用、椅子に座り深々と頭を下げている。;表情：顔は見えないが、謝罪や反省の感情が強くうかがえる姿勢。;背景：暗い影が大きく描かれたシンプルな部屋、室内。;効果：人物の背後に強調された影で重苦しい雰囲気を演出。;トーン：全体的に暗く重苦しい、緊張感が漂う。;印象：強い謝罪や屈服、圧力に押しつぶされる心理状態が伝わる。
68,ここからがオレ達の仕事だ…,人物：太い眉と口ひげの中年男性、スーツ姿、タバコをくわえ迫力ある表情;表情：鋭い目つきで真剣、覚悟や決意を感じる;背景：線による抽象的な処理、場所や時間帯は不明;効果：集中線と濃淡トーンで緊張感を強調;トーン：全体的に暗く重い、シリアスな雰囲気;印象：読者に覚悟やプロ意識、緊張感が伝わる
69,すいませんなあ…さっきメシを食ったものでねむくって…,人物：中年男性、短髪、口ひげ、無精ひげ、無地の服、半分目を閉じている。;表情：まぶたが重く、眠そうでぼんやりした表情。;背景：背景は白一色で描写なし、場所や時間の特定不可。;効果：効果線・集中線なし、シンプルな描写のみ。;トーン：全体的にゆるく、緊張感のない雰囲気。;印象：読者に気の抜けた、日常的な緩い印象を与える。
70,父ちゃ〜ん腹へった〜父ちゃ〜ん父ちゃ〜ん,人物：三人の坊主頭の子供、シンプルな服、箸を持ち空の茶碗の前に座る;表情：大きく口を開けて叫び、空腹で必死な様子;背景：和風の食卓、特に時間帯や詳細な環境描写はなし;効果：セリフの吹き出し、擬音語「チャン」「チン」が強調;トーン：ややコミカルだが緊張感と切実さもある;印象：読者に空腹や家族の待ち遠しさ、貧しさをコミカルに伝える
71,拒否します,人物：眼鏡をかけたスーツ姿の男性、真っ直ぐ前を見据える;表情：眉をひそめた鋭い視線、強い決意や冷静さ;背景：単色のトーンで場所は不明、重要な対話シーンを強調;効果：顔の半分を覆う濃い影、緊張感と重圧を演出;トーン：暗く重苦しい雰囲気、緊張感が漂う;印象：断固とした意志、拒絶の強いメッセージが伝わる
72,オレ達は結局他人だ…,人物：中年男性、太眉、無精髭、下を向いている;表情：目を伏せ沈んだ表情、諦めや悲しみ;背景：黒ベタと集中線、室内か不明;効果：集中線でセリフを強調;トーン：暗く重い、シリアス;印象：孤独や距離感、冷たい現実を強調
73,何をおっしゃりたいのか…意味を分かりかねますが…,人物：中年の男性、スーツ姿、後ろに髪がある、口ひげ、正面を見据える姿勢。;表情：眉をしかめ、鋭い目つきで疑念や不信感を抱いている。;背景：書斎風の部屋、カーテン、窓、棚が見える、夜の室内。;効果：黒い集中線と影で緊張感を強調。;トーン：暗く重苦しい、疑念や対立の雰囲気。;印象：相手への不信感と警戒、真剣な対峙が強く伝わる。
74,全員共犯者だ,人物：メガネをかけた人物、顔の一部と目元が強調されている;表情：鋭い目つきで警戒心や怒りを感じさせる;背景：詳細な背景は描かれておらず、人物の目元がクローズアップ;効果：集中線や細かな斜線で緊張感を演出;トーン：全体的に暗くシリアスな雰囲気;印象：読者に緊迫感と重いメッセージを与える
75,くそ…,人物：短髪、強面、汗をかき歯を食いしばる男性;表情：怒りと悔しさが表れた険しい表情;背景：白く抜けており場所や時間帯の情報なし;効果：汗、歯ぎしり、震える線で心理描写強調;トーン：暗く、重苦しい雰囲気;印象：強い悔しさや焦燥感が伝わり緊張感が高い
76,ダメ…だったんですか…？,人物：短髪で前髪が整った少年、シンプルなTシャツ姿、正面を向き直立;表情：驚きと戸惑いが混じった目、わずかな赤面;背景：背景はほぼ白、場所や時間帯は特定できない;効果：集中線や擬音語なし、セリフの吹き出しが強調;トーン：静かで緊張感のある雰囲気;印象：読者に疑問や不安、切なさが伝わる
77,文句があるならオメーがオレを訴えろ…,人物：筋肉質な中年男性、鉢巻きを巻き無精髭、険しい表情でアップ描写。;表情：険しく睨む目、怒りや挑発的な心理が表れている。;背景：背景は網点処理のみで場所や時間は特定できない。;効果：顔の陰影やペン線強調、集中線なし、セリフが強調されている。;トーン：重く緊張感があり、対決の予感が漂う雰囲気。;印象：不屈で強気な態度、反発心や覚悟を感じさせる。
78,武器を持て…,人物：中年男性、眼鏡、短髪、口ひげ、前傾姿勢;表情：冷静だが威圧感があり、感情を抑えている;背景：暗い陰影、周囲は不明だが緊迫感が漂う;効果：背景に強い影、集中線による迫力強調;トーン：暗く重い、緊張感が高まる雰囲気;印象：強い命令や覚悟を感じさせ、読者に緊迫感を伝える
79,つまり私が非常識という事かね…？,人物：中年男性、眼鏡、口ひげ、スーツとコート、落ち着いた姿勢;表情：片眉を上げた疑念や皮肉を感じさせる表情;背景：シンプルなドットのトーン、特定の場所や時間の描写なし;効果：背景に薄いトーン、集中線や擬音語なし;トーン：やや重く緊張感のある雰囲気;印象：皮肉や自嘲、論理的な対話を想起させる
80,さあな…,人物：中年男性、眼鏡、無精ひげ、煙草を吸う、顔に影;表情：無表情、冷めた目つき、諦めや虚無感;背景：暗い、場所不明、線で描かれた陰影のみ;効果：細かい線の陰影、煙の描写、セリフのみ;トーン：全体的に暗く重い、沈んだ雰囲気;印象：緊張感と諦めが入り混じり、読者に不安や静けさを伝える
81,何もできないのは…お前に覚悟がないからだ…,人物：中年男性、眼鏡、スーツ姿、横顔で厳格な雰囲気;表情：口を結び、真剣かつ厳しい印象;背景：白背景で場所や時間帯の情報なし;効果：細かい線による陰影、強調線や擬音語なし;トーン：緊張感、重い雰囲気;印象：厳しい指摘で読者に覚悟や自己認識の重要性を感じさせる
82,オメーだけが正義だと思うんじゃねぇ,人物：短髪で無精髭、口元が強調されている顔の一部が描写;表情：口を歪めて不満や怒りを感じさせる;背景：詳細な背景なし、人物の表情が中心;効果：トーンと影を使って重苦しさを演出;トーン：暗く重い、緊張感のある雰囲気;印象：強い否定や反発心が伝わり、読者に緊迫感を与える
83,だけど見過ごせないんです…,人物：短髪の少年、カジュアルな服装、顔を正面に向けている;表情：大粒の涙を流し、眉をひそめ苦しそう;背景：無地で詳細省略、場所や時間は不明;効果：涙や目元の描写に細かい線、感情の強調;トーン：全体的に重く、切迫した雰囲気;印象：心の葛藤や強い決意が読者に伝わる
84,立ち向かう勇気すらないんなら…何もいう資格はないわ,人物：短髪女性、ピアス、白いシャツ、煙草を持ち冷静な姿勢;表情：冷たい目つきと無表情さ、落ち着きと厳しさが感じられる;背景：薄紫色の抽象的な背景、場所や時間帯は特定できない;効果：背景に淡いグラデーション、視線に引き込ませる効果;トーン：冷静で緊張感が漂う;印象：厳しい現実や覚悟を突き付け、読者に強い印象を与える
85,あたしも…動くわ…,人物：長い黒髪、淡い化粧、疲れた表情、真正面を見つめている女性;表情：無気力で諦めの色が強い、少しぼんやりとした目;背景：詳細な描写なし、背景はトーン処理でシンプル;効果：なし（集中線や擬音語は使われていない）;トーン：静かで重い、緊張感や哀愁が漂う雰囲気;印象：葛藤や決意の瞬間が伝わり、読者に共感や切なさを与える
86,アンタだけじゃない…,人物：長い髪のキャラクターの片目アップ、涙が溢れている。;表情：悔しさや悲しみが強く表れた目元。;背景：シンプルで余計な描写なし、時間帯や場所は不明。;効果：涙と目元の濃い影、セリフの強調が印象的。;トーン：重く緊張感が漂うシリアスな雰囲気。;印象：感情の高ぶりと切実な訴えが強く伝わる。
87,もう…時間がない…,人物：短髪の少年、シャツ姿、前傾姿勢で緊張した様子;表情：焦りと切迫感が強く、汗をかいている;背景：描写はほぼなく、白背景で強調;効果：顔の陰影や集中線で緊張感を表現;トーン：暗く、切迫した雰囲気;印象：時間に追われて焦る様子が強く伝わる
88,録音させていただきます,人物：スーツ姿の男性、ラフな服装の女性、中年男性がソファに座る;表情：緊張や警戒感が感じられるうつむき加減;背景：室内、木目調の床とテーブル、落ち着いた空間;効果：全体を見下ろす俯瞰構図で状況の全体把握を強調;トーン：暗めで重い、シリアスな雰囲気;印象：緊張した場面で、これから重要なやりとりが始まる印象
89,そうですね…確かにその通りだ…,人物：中年男性、スーツ姿、うつむき加減でソファに座っている;表情：沈んだ表情で目線を落とし、内省や落胆の様子;背景：室内、ブラインド付きの窓、テーブルとコーヒーカップ;効果：影の付け方や点描で重い雰囲気を強調;トーン：暗く重苦しい、静かな緊張感;印象：読者に沈黙や諦め、重い決意を感じさせる
90,15倍です,人物：スーツ姿で短髪、口髭の中年男性、眉間にしわを寄せている;表情：厳しい表情で怒りや不満、緊張感が漂う;背景：白一色で描写無し、場所や時間帯は不明;効果：視覚効果は特になく、吹き出しのみ;トーン：全体的に重く緊迫した雰囲気;印象：読者に強い威圧感と緊張感を与える
91,それは個性だ,人物：強面の中年男性、スーツとタートルネックを着用、腕組みや真っ直ぐな姿勢。;表情：眉をひそめ、鋭い目つきで威圧感や真剣さが感じられる。;背景：白地にトーン処理、室内や時間帯は不明。;効果：線によるしわや影強調、表情を際立たせる集中線なし。;トーン：重厚で緊張感のある雰囲気。;印象：読者に威厳や説得力を与え、言葉の重みを伝える。
92,水かけ論だ！！,人物：二人の男性、うち一人は眼鏡とスーツ姿、もう一人は作業服風で床に座っている。;表情：上の人物は険しい表情、下の人物は伏し目がちで緊張感がある。;背景：屋内、狭い部屋、壁や床は木製、昼夜不明。;効果：集中線とトーンで緊迫感と強調、セリフが大きく描かれている。;トーン：全体的に暗く、重苦しい雰囲気。;印象：強い対立や議論の高まり、読者に緊張感と緊迫した空気を伝える。
93,いや…絶対に違う…！！,人物：太く険しい眉、鋭い目つき、顔の一部のみアップ、手で顔を覆う動作;表情：強い疑念や否定、緊張感が伝わる鋭い目;背景：背景は省略され、キャラクターの顔が画面の大部分を占める;効果：細かい線と陰影で表情を強調、吹き出しで感情が強調;トーン：全体的に暗く重い、緊張感に満ちている;印象：強い否定や決意が感じられ、読者に迫力と切迫感を与える
94,だからこそ…欲しかったんじゃないか…,人物：眼鏡をかけた男性、額に汗、口は歯を見せている、顔がアップで描かれている;表情：怒りと焦りが混ざった表情、目つきが鋭い;背景：黒のグラデーション、具体的な場所は描かれていない;効果：汗、強調線、コマ内部の黒背景で緊張感を演出;トーン：全体的に暗く、重々しく切迫した雰囲気;印象：切実な欲望や葛藤が伝わり、読者に緊張感と共感を与える
95,違う！！！,人物：スーツ姿の男性二人、一人がもう一人の胸ぐらを掴む;表情：掴んでいる男性は怒りの形相、もう一人は動揺気味;背景：会議室風の室内、テーブルとコーヒーカップ;効果：集中線と大きなセリフ吹き出し「違う!!!」で強調;トーン：緊迫した空気、暗い雰囲気;印象：激しい対立と感情の爆発、緊張感が伝わる
96,うあああああああああああ,人物：2人の男性、1人はスーツ短髪、もう1人はうつむき黒髪で膝をつく姿勢。;表情：うつむく男性は叫んでおり、絶望や悲しみが強く表現されている。;背景：抽象的な爆発や破裂のような線で囲まれており、具体的な場所は不明。;効果：集中線、拡大する擬音語「うああああ」で感情の爆発を強調。;トーン：全体的に暗く、緊張感と絶望感がある雰囲気。;印象：読者に激しい悲しみや絶望、心の叫びを強く伝えるシーン。
97,この社会は弱者に手を差し伸ばしたりしない…,人物：眼鏡をかけた人物のアップ、涙が流れている、顔の一部のみが描写;表情：涙を流しつつも強い決意や怒りが感じられる;背景：背景はほとんどなく、白とトーンで構成;効果：集中線や陰影、涙の強調表現;トーン：暗く重苦しい、切実で緊張感がある;印象：社会への怒りや悲しみ、無力さと訴えを強く感じさせる
98,あなたはそんな人間じゃないはずだ…,人物：中年男性、短髪、口ひげ、スーツ着用、正面を睨む姿勢;表情：鋭い目付きと険しい眉、緊張と葛藤が感じられる;背景：背景は省略され、顔のアップのみで場所や時間は不明;効果：顔に影と集中線、汗、力強いペンの使い方;トーン：暗く重苦しい、緊張感と真剣な雰囲気;印象：読者に強いプレッシャーや、訴えかける説得力が伝わる
99,そんな考え…間違ってると思いませんか…？,人物：中年男性、短髪、スーツ姿、正面を見据える;表情：眉をひそめ、額に汗、緊張と動揺が見られる;背景：無地、場所や時間帯の情報なし;効果：顔の陰影強調、汗、セリフの間（……）;トーン：重苦しく、緊張感が漂う;印象：強い否定や不安、切迫した状況を伝える
100,僕も…好きになってもいいかな…？,人物：眼鏡をかけた短髪の青年、コートと肩掛けバッグ、正面を向いて立つ;表情：やや戸惑いながらも真剣で切実な表情;背景：白抜きで場所や時間は不明、強い光の反射模様あり;効果：斜めのトーン効果で緊張感や感情の高まりを演出;トーン：静かで切実、緊張感と期待感が同居;印象：読者に純粋で不安な恋心や誠実さが伝わる
101,だけどね…僕は欲しいな…,人物：短髪で眼鏡をかけた男性、横顔、真剣な表情で口元を引き結ぶ。;表情：冷静で内面に強い意志や葛藤を感じさせる。;背景：白無地、場所や時間帯の情報は描写なし。;効果：集中線や擬音語なし、キャラに視線が集まる構図。;トーン：全体的に静かで緊張感が漂う。;印象：読者に人物の決意や欲望、静かな迫力が伝わる。
102,分かりません…,人物：短髪でスーツ姿、顔に汗をかき俯き気味;表情：強い不安と困惑、焦りが見て取れる;背景：背景は白く、場所や時間帯は不明;効果：縦のスピード線と汗で緊張感を強調;トーン：緊張感と重苦しい雰囲気;印象：追い詰められた心理状態が伝わり、読者に同情や不安を感じさせる
103,何もできないくせに…,人物：中年男性、短髪、口ひげ、筋肉質、服はシンプル、上半身アップ;表情：鋭い目つき、眉をしかめ、怒りや軽蔑を感じさせる;背景：単色で描写なし、場所や時間帯は不明;効果：濃い影や斜線による陰影表現;トーン：暗く重い、緊張感がある;印象：威圧感や絶望、評価に対する厳しさが伝わる
104,もう…終わったんだ…,人物：中年男性、無精ひげ、帽子、険しい表情、顔のアップ;表情：絶望や諦め、重い覚悟が読み取れる;背景：背景は描かれておらず白、場所や時間帯は不明;効果：集中線や擬音語なし、線の強調で感情表現;トーン：暗く重苦しい雰囲気、緊張感が漂う;印象：読者に絶望と諦めのメッセージが強く伝わる
105,目障りなんだよ…現実を受け入れられないなら今すぐここから出て行け,人物：中年男性、手術帽と服を着用、顔にシワ、口ひげ、正面からの姿勢;表情：険しく厳しい、唇を結び目を伏せている;背景：白背景、背景描写なし、室内設定の可能性;効果：フキダシの中のセリフと表情強調の陰影;トーン：重苦しい、緊張感が漂う雰囲気;印象：現実を受け入れる厳しさと覚悟を突き付ける
106,生きてます…！！,人物：短髪の青年、シャツ姿、顔を大きくアップ、前傾した姿勢;表情：涙と汗を流し、口を大きく開けて叫び、必死で切迫した様子;背景：ほぼ白地で線が強調され、場所や時間帯は不明瞭;効果：集中線やスピード線で緊迫感と感情の高ぶりを強調;トーン：全体的に暗く、重苦しい緊張感;印象：死守する覚悟や生への強い執念が伝わり、読者に感動と衝撃を与える
107,やめろ！！,人物：大柄な男性が怒りの表情で若い人物を殴っており、若者は服を掴まれ屈む姿勢。;表情：男性は激怒、若者は恐怖や苦痛が感じられる。;背景：背景はスピード線主体で場所や時間帯の詳細は不明。;効果：集中線と動きのブレで激しい動作を強調、「やめろ!!」の大きな文字。;トーン：緊迫感と暴力的な雰囲気が強い。;印象：読者に強い緊張感と理不尽な暴力への憤りを与える。
108,どうして僕が…そんなことを考えなくちゃいけないんですか…？,人物：短髪の青年、汗をかき顔を横向きにしている;表情：戸惑いと不安が表れた真剣な表情;背景：単色の濃淡のみ、場所や時間帯は不明;効果：汗の描写と斜線で緊張感を強調;トーン：重く深刻で張り詰めた雰囲気;印象：切迫した状況や葛藤が強く伝わる
109,うぷ…,人物：額に包帯を巻いた短髪の男性、裸の上半身、片手で口を押さえている;表情：苦しそうな表情、汗をかき目が見開かれている;背景：背景は白で詳細な情報なし、場所や時間帯は不明;効果：顔のしわや汗を強調する描線、集中線なし;トーン：緊張感と苦痛が強調された暗い雰囲気;印象：読者に苦悩や限界状態を強く伝えるコマ
110,クソッタレエエェェ！！,人物：スーツ姿の男性が前傾姿勢で叫びながら廊下を進む、背後に数人の人物と看護師。;表情：顔は見えないが、体の動きから激しい怒りや絶望を感じる。;背景：病院の廊下、明るい照明、多数の扉やカートが並んでいる。;効果：縦の集中線で動きと感情が強調され、セリフが大きく描かれている。;トーン：緊張感と絶望感が強い、暗めの雰囲気。;印象：強い感情の爆発を感じ、読者に衝撃と共感を与える。
111,正論だよ…,人物：無精髭の男性、手術帽と手術着を着用し、壁にもたれてタバコを持つ;表情：目を伏せた険しい顔つきで、疲労や諦めが感じられる;背景：室内で無機質な壁が描かれ、医療施設を思わせる;効果：煙の描写、細かな陰影で心情の重さを強調;トーン：暗く重い雰囲気で、緊張感が漂う;印象：現実の厳しさや虚しさが伝わり、読者に余韻を残す
112,僕が…お前のお父さんだよ…,人物：眼鏡をかけた中年男性、短髪、落ち着いた表情、やや俯き気味;表情：真剣で複雑な感情、静かな決意や覚悟が感じられる;背景：白背景、場所や時間帯の情報なし、緊張を強調;効果：輪郭を強調する陰影や線、多用された精密なペン画;トーン：静寂で重苦しい、やや緊張感のある雰囲気;印象：重大な秘密の告白があり、読者に衝撃と重みを伝える
113,純朴なふりしてるけど……周りを傷付けてるのがわからないの?,人物：黒髪でショートヘア、マフラーを巻き、コートを着た若者が正面を見つめている。;表情：眉をひそめ口を真一文字に結び、不満や戸惑い、哀しみが感じられる。;背景：グラデーションのトーンのみで、場所や時間帯は不明瞭。;効果：人物の周囲に点描トーン、考えごとの吹き出しが浮かび、内面描写を強調。;トーン：全体的に暗く重く、緊張感や陰鬱な雰囲気が漂う。;印象：相手への疑念や不信感、心の痛みを読者に強く印象付ける。
114,世の中には……努力だけではどうにもならないことがある,人物：白衣の医師二人、椅子に座る子供と立つ女性（母親らしき人）、全員落ち着いた服装;表情：医師は沈んだ表情、子供と母親は背中で感情を語る（不安や緊張感）;背景：診察室、昼間、医療器具やカレンダーが見える;効果：集中線や擬音語なし、落ち着いた色合いで静けさを演出;トーン：重く暗い雰囲気、緊張感と諦めが漂う;印象：現実の厳しさを強調し、読者に無力感と哀しみを伝える
115,宇宙人だ……,人物：少年、短髪、上着とズボン、片手にカバン、うつむき加減で立つ;表情：表情は見えないが、落ち込みや戸惑いを感じる;背景：自転車置き場、夜または夕方、静かな路上;効果：トーンによる影や質感のみ、視覚効果は控えめ;トーン：暗く静かな雰囲気、不安や孤独が漂う;印象：読者に寂しさや疎外感、自己認識の葛藤を伝える
116,その……なんとかやっていけそうです……。体力的にはキツイですけど……,人物：短髪の青年、スーツ姿、前向きな姿勢;表情：微笑み、やや自信なさげだが前向き;背景：白背景、場所や時間帯の情報なし;効果：擬似線や効果線なし、吹き出しの強調;トーン：落ち着いた雰囲気、やや緊張感;印象：困難に挑戦しようとする前向きな意志が伝わる
117,できるワケありませんよ……,人物：髪型はおかっぱ、太眉で口元が歪んだ中年男性、白衣風の服、首をすくめて斜めに傾ける;表情：不気味な笑みと汗、内心では緊張や不安を隠し嘲笑的な態度;背景：黒く塗りつぶされた場所、詳細不明で時間帯も不明;効果：影や線で顔の不気味さを強調、背景の黒で恐怖感を演出;トーン：暗く緊張感と不気味さが漂う;印象：不安や恐怖、不信感を読者に与える
118,そうですか……?今日は空いている方ですよ……,人物：中年男性、髭、スーツ姿、汗をかきながら顔を傾けている;表情：目を閉じて作り笑い、冷や汗、不安や戸惑いが読み取れる;背景：シンプルな白背景、場所や時間の特定要素なし;効果：単純な描線と汗マークで心理描写を強調;トーン：やや緊張感、不穏さのある雰囲気;印象：読者に違和感や疑念を抱かせるシーン
119,皆そう思ってます。このままじゃ危険だってね……,人物：医師と看護師が白衣姿で患者の処置をし、もう一人の人物が立っている;表情：医師・看護師は真剣、緊張感が表れている;背景：病院の診察室、昼間、医療器具が揃った環境;効果：集中線や擬音語はなく、リアルな描写中心;トーン：緊張感と切迫感が漂う雰囲気;印象：医療現場の厳しさや命の危険を強く感じさせる
120,だけどどうしろと言うんですか……?,人物：前髪がストレートで太い眉、顔のアップ、汗をかいている;表情：目が半開きで口元が歪み、不安や戸惑いが見える;背景：黒と白のコントラストで具体的な背景は描かれていない;効果：顔に影、集中線、汗の描写で緊張感を強調;トーン：全体的に暗く、重い雰囲気;印象：追い詰められた心理や戸惑いが伝わり、不安を感じさせる
121,本当にどうする事もできなかったんですか!?,人物：白衣を着た二人の男女、うち一人は椅子から立ち上がっている;表情：驚きや怒りが感じられる鋭い目つき;背景：食堂のような場所、食事やコップが机に並ぶ;効果：集中線が多用され、緊迫感や動揺を強調;トーン：全体的に暗く、重苦しい雰囲気;印象：緊張感と切迫した状況が読者に強く伝わる
122,一夜明けた今……何を言おうと全ては結果論です……,人物：中年男性、鋭い目つき、顎が尖り、不敵な笑み、モノクロのスーツ姿;表情：嘲笑気味で自信と皮肉が混じった表情;背景：白背景で場所や時間帯の情報なし;効果：影と斜線による立体感、吹き出し強調;トーン：暗めで冷たい、緊張感が漂う雰囲気;印象：読者に冷徹さや皮肉、覚悟のメッセージを伝える
123,要するに君は……自分がそんな事に加担したと思いたくないだけじゃないですか……?,人物：中年男性、斜めのボブヘア、厚い眉、シワの多い顔、大きく描かれた口元;表情：半目でにやけた口元、軽く嘲笑や皮肉まじりの自信;背景：真っ白で背景なし、場所や時間帯の情報は描写されていない;効果：線による緻密な陰影、多くの細い線で人物の存在感強調;トーン：全体的に不穏で皮肉、やや不気味な雰囲気;印象：読者に不信感や不快感、警戒心を抱かせるような印象
124,だけど……こんなの日本だけです……,人物：短髪の若い男性、学生服風のシャツを着用、うつむきがちで背中が少し丸まっている;表情：目を伏せて真剣・憂いのある無表情、悩みや葛藤を感じさせる;背景：白で無地、場所や時間帯の情報なし;効果：人物の顔や髪に細かいトーン、セリフの吹き出しのみ;トーン：静かで重く、落ち着いた雰囲気;印象：読者に切なさや現状への疑問・悩みを強く感じさせる
125,だから……自分を責めないでよ……,人物：若い女性、短めの髪、シンプルな服装、真正面を向いている。;表情：驚きや不安、切実な訴えを感じる瞳と開きかけた口。;背景：背景は白く、場所や時間帯は特定できない。;効果：集中線や陰影で表情を強調、感情が伝わりやすい。;トーン：緊張感があり、重い雰囲気。;印象：読者に切実な想いと共感、自分を責めないでという優しさを伝える。
126,だからがんばれ……。おれは10年後のオメーが見たいんだ……,人物：短髪の青年、Tシャツ、前屈みで顔を強調;表情：真剣な眼差しと食いしばった口元から決意と激励;背景：白背景で特定の場所や時間帯は不明;効果：線の濃淡と寄りの構図で強調、集中線なし;トーン：緊張感が強く、熱い雰囲気;印象：本気の思いと応援が伝わり、読者の心を動かす
127,闘い方は一つじゃない……。オメーにはオメーのやり方があるはずだ……,人物：中年男性、短髪、濃い眉、ひげ、ジャンパーを着て下を向いている。;表情：口元に笑み、下心や自信、含みのある表情。;背景：白地にドットトーン、具体的な場所は描かれていない。;効果：集中線やスピード線なし、背景のトーンのみ。;トーン：暗めで落ち着いた、やや緊張感のある雰囲気。;印象：読者に対し思慮や覚悟を促す、内面的な強さのメッセージが伝わる。
128,僕がやらなきゃ……誰がやるんですか……?,人物：中年男性、坊主頭に近い短髪、口ひげ、正面をやや見下ろす姿勢;表情：目が細く半開きで重い雰囲気、決意と諦めが混じる;背景：白抜きで描写なし、人物が強調されている;効果：濃い斜線による影と陰影、顔のインパクトを強調;トーン：重苦しくシリアス、緊張感が漂う;印象：読者に強い覚悟や責任感、重い状況が伝わる
129,私は分をわきまえない人間が嫌いでね,人物：中年から高齢の男性、眼鏡と髭、横顔で俯き気味;表情：真剣かつ不満げ、厳しさや冷たさがにじむ;背景：白背景で場所や時間帯は不明;効果：細かな線とトーンでリアルな質感、効果線なし;トーン：重く冷静、緊張感が漂う;印象：鋭い批判や厳しい価値観が伝わり、読者に考えさせる
130,私が何を言いたいか……分かりますか……?,人物：白衣を着た男性2人、1人は立ち直立、もう1人は椅子に座って書類を見る老年男性;表情：立っている人物は俯き気味、座っている人物は真剣な表情;背景：本棚や木製の机がある書斎のような部屋、昼間と思われる;効果：集中線やスピード線なし、落ち着いた画風;トーン：全体的に暗く重い雰囲気、緊張感がある;印象：上下関係や威圧感、叱責の場面でプレッシャーが伝わる
131,今まで自分のとってきた言動は……間違っていたと反省しています……,人物：黒髪短髪の若い男性、スーツ姿で正面を向いている;表情：目が大きく見開き、驚きや戸惑い、反省の感情が読み取れる;背景：背景は白抜きで場所や時間帯は不明;効果：集中線やスピード線なし、陰影とトーンのみ使用;トーン：緊張感と重苦しい雰囲気;印象：誠実に反省している姿が強調され、読者に真剣さが伝わる
132,お願いします……,人物：白衣を着た複数人、机に向かう初老の男性、土下座する人物;表情：土下座者は必死、他は緊張・沈黙気味;背景：書斎風の部屋、書棚と机、日中か室内照明;効果：集中線や擬音なし、細かな陰影で重厚感;トーン：重苦しく緊張感漂う;印象：深刻なお願いや謝罪、切迫した雰囲気が伝わる
133,さあ……?,人物：白衣や普段着の男性が複数人、机や棚の前で作業や立ち姿;表情：遠目で詳細不明だが無表情で淡々とした印象;背景：室内の研究室あるいはオフィス、書類や本が散乱;効果：効果線や擬音なし、リアル志向の描写;トーン：細密で落ち着いた雰囲気、やや静か;印象：日常的な業務風景、淡々とした現実感や倦怠感が伝わる
134,自業自得か……,人物：短髪の若い男性、コートとマフラー着用、俯き気味の姿勢;表情：眉をひそめた真剣かつ冷静な表情;背景：背景は省略され、人物に集中;効果：顔の影や陰影で緊張感強調、効果線はなし;トーン：重く静かな雰囲気;印象：決意や諦めを内包しつつ冷静な印象
135,もういいわよ。頼むから邪魔だけはしないでくれる?,人物：中年女性、看護師の制服と帽子、肩越しに振り向いている;表情：やや不機嫌でうんざりした様子;背景：背景は白く、場所や時間帯の描写なし;効果：効果線や擬音語なし、シンプルな描線;トーン：淡々として冷たい、やや重い空気;印象：距離感や冷たさ、突き放すようなメッセージが伝わる
136,やっぱりうれしいよね!!,人物：短髪の青年、カジュアルな服装、顔を大きくアップで描写;表情：片目を閉じ、口角を上げて満足げな微笑み;背景：背景は白くシンプルで場所や時間帯の情報なし;効果：陰影のトーンと線で顔の立体感を強調;トーン：明るくポジティブな雰囲気;印象：素直な喜びや嬉しさがダイレクトに伝わる
137,だけどこの質問にはそもそも……重大な前提が欠けていることに気付いているかい……?,人物：短髪で整った顔立ち、スーツ風の服装、正面をまっすぐ見る姿勢;表情：鋭い目つきで真剣かつ挑戦的な印象;背景：グレーのベタ一色、場所や時間の手がかりなし;効果：細かい影とトーン、集中線や擬音なし;トーン：重く緊張感が漂う、シリアスな雰囲気;印象：論理的な指摘や核心を突く場面で読者の注意を引く
138,彼らほど一日一日を必死で生きている人達はいない……。かわいそうなのはそれに気付いていない僕たちのほうさ,人物：短髪で知的な雰囲気、上半身のみ、服装はシャツ;表情：真剣かつ内省的な表情;背景：シンプルなグラデーション、場所や時間帯の特定なし;効果：ハイライトや影、トーンによる陰影表現;トーン：静かで重い、物思いに耽る雰囲気;印象：読者に深い問いや気づきを促す印象
139,僕は真実を告げる,人物：短髪でシャツを着た男性、顔を大きくアップで描写;表情：自信に満ちた微笑み、目に鋭さと決意;背景：白背景で場所や時間帯の描写なし;効果：集中線や擬音語はなく、陰影で立体感を強調;トーン：緊張感と期待感が漂うシリアスな雰囲気;印象：読者に強い真剣さと覚悟を伝え、注目を集める
140,だから感動しました!!あんなに一日一日を必死で生きている人達はいませんよね!!,人物：短髪で学生風、制服姿、前のめりで話している;表情：目を大きく開き、頬を赤らめて興奮・感動を表現;背景：白地で背景描写なし、場面に集中させている;効果：スピード線で勢いや感情の高まりを強調;トーン：明るく前向き、強い情熱や感動を伝えている;印象：読者に熱意や共感を伝える印象が強い
141,価値観は一つじゃない……。だが真実は一つだ……,人物：中年男性、髭、有眉、スーツ姿、顔のアップ;表情：冷静で厳格、感情を抑えた眼差し;背景：背景は省略され、黒い影やトーンで覆われている;効果：顔に濃い陰影が強調され重厚感を演出;トーン：重くシリアス、緊張感が漂う;印象：真理への厳しい姿勢を強調し、読者に重みを感じさせる
142,知った先にあるのは……絶望だけだぞ……,人物：短髪の青年、シャープな輪郭、前傾姿勢で強い視線;表情：鋭い眼差しで冷淡・絶望的な感情が表れる;背景：黒のベタや斜線で埋め尽くされ抽象的、場所や時間帯は不明;効果：顔に濃い影とハッチング、緊張感を高める;トーン：暗く重苦しい、不安や絶望感が支配;印象：諦めや絶望を突きつける怖さと重さが強く伝わる
143,中に入っているのは……どちらも”絶望”です,人物：登場人物は描かれておらず、2つのマグカップのみが描写されている。;表情：カップから立ち上る煙が人の顔や手のように見え、不気味さや苦悩を示唆。;背景：黒と白のコントラストが強調され、室内の一部だけが照らされている。;効果：煙の描写が幻想的で不自然、影の使い方で不安感を演出。;トーン：全体的に暗く重苦しい、不穏で絶望的な雰囲気。;印象：読者に強い不安感や絶望、救いのなさを印象づける。
144,まあ……僕みたいに軽すぎるのも問題なんですけどね,人物：短髪でスーツ姿、やや前かがみで斜め上から見下ろす構図;表情：口元が軽く歪み、挑発的で自嘲混じりの笑み;背景：背景は白く、場所や時間帯は特定できない;効果：集中線や擬音語なし、輪郭の強調と細かい陰影が印象的;トーン：全体的に緊張感と軽妙さが混在;印象：自己評価の軽さと皮肉が伝わるコマ
145,そこにしか……希望はない……,人物：短髪の青年、横顔、シンプルな服装、落ち着いた姿勢;表情：無表情で冷静、諦めや絶望感がにじむ;背景：白の余白で場所や時間帯は不明;効果：トーン処理のみ、視覚効果なし;トーン：全体的に暗く重い雰囲気;印象：読者に強い絶望や諦念を伝え、印象に残る
146,どうして……そんなことを訊くんですか……?,人物：一人は白衣を着てベンチに座り、もう一人は頭を抱えうつむいている;表情：頭を抱える人物は絶望や悲しみ、白衣の人物は戸惑いや困惑;背景：公園のベンチ、ゴミ箱あり、昼間、周囲に草地;効果：トーンで静かな雰囲気、線やグラデーションで空気の重さを強調;トーン：全体的に暗く重苦しい雰囲気;印象：絶望感や問いかけが静かに迫るシーンで、読者に切なさや悲しみが伝わる
147,このしばられた両手を……お前がほどいてくれよ……!!,人物：短髪の青年、シャツ姿、手を前に出し力を込める仕草;表情：怒りと強い決意が感じられる鋭い目つき;背景：黒一色で詳細なし、緊迫した雰囲気を強調;効果：影を強調し顔に線を多用、セリフも大きく強調;トーン：重苦しく緊張感のある暗い雰囲気;印象：切迫した状況での覚悟や必死さが伝わる
148,何なんですかそれは!?,人物：二人の男性、白衣着用、立っている人物は名札付き、机に座る人物はボサボサ髪;表情：立っている人物は怒りや困惑、座っている人物は伏し目がちで沈んだ様子;背景：室内、オフィスや研究室風、机や書類、椅子がある;効果：集中線で緊迫感・驚き強調、吹き出し大きめ;トーン：緊張感が強く、重苦しい;印象：強い問い詰めと不穏な対立が感じられる
149,できるだけのことはやったんだ。これ以上どうしろと?,人物：短髪の青年、スーツ姿、真剣な表情でややこちらを向く;表情：冷静かつ疲労感や諦めを含む;背景：白背景で場所や時間帯の情報なし;効果：集中線やスピード線は使用されていない;トーン：落ち着いていて緊張感もあるが静かな雰囲気;印象：やれることは全てやったという決意と限界に達した心情が伝わる
150,すべてをあきらめれば……悩む必要はないんだ……,人物：前髪の長い人物の目元のアップ、無造作な髪とシャープな眉;表情：虚ろで無気力、諦めの感情が強い;背景：詳細不明だが単色で、室内や夜の可能性;効果：集中線と網点トーンで緊張感表現;トーン：全体的に暗く沈んだ雰囲気;印象：絶望や諦め、内面的な葛藤が強く伝わる
151,あきらめろ……,人物：短髪の若い男性、制服風の服装、斜め下向きで顔のアップ;表情：鋭い目つきと微かな笑みで冷静かつ挑戦的;背景：白背景で余白多め、場所や時間帯は不明;効果：陰影の細かな線描写、集中線や擬音語なし;トーン：緊張感と静かな威圧感が強い;印象：厳しい言葉に冷静な決意が伝わり、読者に重圧を与える
152,まず金がかかる。ひと月で100万以上はざらだ……,人物：短髪の男性、白衣とネクタイ着用、立ち姿で真剣な様子;表情：冷静だがやや憂いを感じさせる緊張した表情;背景：室内、背景はトーン処理のみで詳細な描写なし;効果：集中線やスピード線はなく、会話の吹き出しが強調;トーン：全体的にシリアスで重たい雰囲気;印象：現実の厳しさや経済的負担の大きさが強く伝わる
153,だからってそんなに簡単じゃないんだよ……,人物：短髪の青年、シャツ姿、肩越しに振り返るポーズ;表情：真剣でやや険しい、考え込む様子;背景：白一色で背景情報なし;効果：顔に影やトーンで緊張感を強調;トーン：重くシリアスな雰囲気;印象：葛藤や困難に直面している心情が伝わる
154,それがどれだけ残酷なことか……君は分かって言ってるのか……?,人物：短髪で整った眉、鋭い目つき、正面をじっと見つめている;表情：真剣で冷静、内心に怒りや困惑が感じられる;背景：余白が多く、具体的な場所や時間帯は描写されていない;効果：トーンによる陰影、目元への集中線や斜線で緊張感を強調;トーン：全体的に落ち着きつつも重く緊張感が漂う;印象：言葉の重みや状況の深刻さが読者に強く伝わる
155,この手は何のためにある……?,人物：白衣を着た男性、椅子に座り俯き加減で両手を見つめる;表情：顔は見えないが思い悩む様子;背景：室内の机の前、暗い影が広がる;効果：暗い影で心理的重圧を強調;トーン：重苦しく沈んだ雰囲気;印象：葛藤や自己存在への疑問が伝わる
156,くさった世界にションベンかけてやる!!,人物：若い男性、乱れた髪、口を大きく開けて叫ぶ姿勢;表情：怒りと反抗心が強く表れた表情;背景：白背景、場所や時間帯は描写なし;効果：集中線で強調、迫力と緊迫感を演出;トーン：荒々しく攻撃的、強い緊張感;印象：不満や反骨心、読者に衝撃と反発の感情を伝える
157,はーい,人物：男性、くしゃくしゃの髪、スーツにネクタイ、名札、腕を後ろで組む;表情：口を大きく開けて気だるそう、無気力;背景：白背景、場所や時間帯の情報なし;効果：線なし、シンプルな描写;トーン：ゆるく緩慢、緊張感なし;印象：やる気のない態度が伝わり、読者に脱力感や日常感を与える
158,君ももう3年目だろうが……。いい加減そういう青臭い甘えはやめてくれないかね……,人物：中年男性、メガネ、スーツ姿、肩を少しすくめている;表情：渋い表情、不満や呆れ、叱責の感情;背景：白背景、場所や時間帯の描写なし;効果：小さな動き線、冷淡な印象を強調;トーン：厳しく冷たい雰囲気;印象：読者に緊張感や成長を促す圧力を感じさせる
159,なるほど……君は私の若い頃によく似ているよ……,人物：中年の男性、白衣姿、眼鏡、うつむき加減で立つ;表情：顔が影で隠れており感情を読み取りにくいが、重々しい印象;背景：暗い室内、後ろにぼんやりと人影が数人;効果：キ…という擬音、背景のトーンによる緊張感の演出;トーン：暗めで重苦しい、シリアスな雰囲気;印象：読者にプレッシャーや過去との因縁を強く印象づける
160,君はだまってなさい……,人物：短髪でスーツ姿の男性、背筋を伸ばして後ろ姿で描かれている;表情：表情は見えないが、冷静さや威圧感を感じさせる;背景：背景は真っ白で無機質、場所や時間帯は不明;効果：特に集中線や擬音語はなく、余白の多さが特徴;トーン：静かで張り詰めた緊張感が漂う;印象：読者に強い威圧や圧力、冷徹な印象を与える
161,助けたくないのかよ!?,人物：若い黒髪の男性が白衣を羽織り、周囲に医師らしき人物が立つ;表情：男性は険しい顔で怒りや焦りがにじむ;背景：室内、病院や医療施設の一室、昼間;効果：集中線やスピード線が感情の高まりを強調;トーン：全体的に暗く、緊張感や切迫感が強い;印象：読者には主人公の強い訴えと、状況の深刻さが伝わる
162,どうしてみんな……そんなに他人事なんだよ……!?,人物：短髪で鋭い目つきの男性、汗をかき、真剣な表情、上半身だけが描かれている;表情：怒りや苛立ち、切実さや苦しさが伺える;背景：詳細な背景はなく、キャラクターに集中している;効果：顔の影や線、集中線で緊張感を強調;トーン：暗く重い、強い感情がぶつかる雰囲気;印象：読者に強い訴えや共感、現状への疑問を投げかける
163,勝手に私を殺さないで……。私を幽霊を見るような目で見ないで……,人物：長い黒髪の女性、シャツ姿、仰向けで横たわる;表情：涙を浮かべ、不安と悲しみが強く表れている;背景：詳細不明、シンプルで場所や時間の特定できず;効果：影やトーンで顔の表情を強調、セリフ枠あり;トーン：全体的に暗く重苦しい、緊張感が漂う;印象：絶望感や自己存在の否定が伝わり、強い共感や哀しみを誘う
164,今更ビビってんじゃねえよ……,人物：黒髪で鋭い目つき、口元にヒゲ、少しうつむき加減の男性;表情：強い意志と不安、緊張感が混じっている;背景：背景はトーンのみで場所や時間は不明;効果：細かな点描と影のトーンで緊迫感を強調;トーン：暗く重い、圧迫感のある雰囲気;印象：困難に直面しつつも自分を奮い立たせている印象
165,じゃあお前のやっていることは何なんだよ!?,人物：二人の男性、ラフな服装で一人は椅子に座りもう一人は立って前傾姿勢。;表情：顔が見えにくいが、緊張や怒りが感じられる体の動き。;背景：室内、机とパソコンがあるオフィスのような場所、床はタイル状。;効果：集中線と影が強調され、緊迫した雰囲気を演出。;トーン：全体的に暗く重苦しい、緊張感が強い。;印象：切迫した対話や衝突、相手への疑念や苛立ちが伝わる。
166,まだ終わらせません……,人物：短髪の青年、顔のアップ、真剣な表情で前を睨む;表情：強い決意と闘志、諦めない意思が表れている;背景：背景の描写はなく、集中線と影が印象的;効果：顔に重い影とスピード線で緊張感を強調;トーン：全体的に暗く、重苦しい雰囲気;印象：絶対に諦めない強い意志が伝わり、読者に緊張感を与える
167,俺は常に全体のことを考えている……,人物：短髪でスーツの上に白衣を着た男性、腕を下げて立つ。;表情：真剣でやや険しい表情、集中している様子。;背景：室内で壁が見える、時間帯は不明。;効果：背景にトーン、キャラクターを強調する影。;トーン：重く緊張感のある雰囲気。;印象：責任感やリーダーシップを感じさせる発言が強調されている。
168,好きです……,人物：短髪の人物、シャツ姿、俯き加減で肩を落としている。;表情：目を隠し、涙を流しており、切なさや勇気を振り絞っている様子。;背景：白背景で場所や時間帯の描写はなし。;効果：涙や感情を強調するための線、セリフを際立たせる空白。;トーン：静かで切なく、緊張感と真剣さが漂う雰囲気。;印象：読者に強い共感や感動、胸が締め付けられるような気持ちを与える。
169,それで……?君はこれからも同じことをくり返すのかね?,人物：白衣を着た男性三人、椅子に座る男性と床に跪く二人;表情：座っている男性は厳しい・冷静、跪く二人は反省・緊張;背景：室内の会議室、テーブル上に書類とカップ、明るい照明;効果：集中線やスピード線はなし、影とトーンで緊張感強調;トーン：厳粛で重たい、緊張感が漂う空気;印象：上下関係や叱責の場面であり、読者に圧力や不安を感じさせる
170,はい,人物：短髪の青年、スーツ姿、正面を見据えた直立姿勢。;表情：真剣で引き締まった表情、緊張感がある。;背景：白一色で無地、場所や時間帯の情報はなし。;効果：人物に集中線やトーンで影が強調されている。;トーン：重く緊張感が漂う雰囲気。;印象：覚悟や決意を伝え、読者に強い緊張感を与える。
171,……大人にならなきゃ……,人物：スーツ姿で髪が端整な少年、うつむき気味の姿勢;表情：真剣で沈んだ表情、悩みや決意が感じられる;背景：白地でシンプル、場所や時間の情報はなし;効果：セリフの省略記号と濃い影で心理的重圧を強調;トーン：暗く重い雰囲気、内省的な印象;印象：読者に成長の葛藤と心の重みを強く伝える
172,前はもうちょっとカッコ良かったのにな……,人物：黒髪で肩までの長さ、シンプルな黒い服、猫背気味で下を向く;表情：口角が下がり、眉が八の字で落ち込みや悲しみを示す;背景：グレーのトーンで室内、時間帯不明;効果：背景に淡い集中線で心情の強調;トーン：全体的に暗く沈んだ雰囲気;印象：自己否定や後悔の感情が伝わり、共感や切なさを呼ぶ
173,あの……別に本気で言ったんじゃないよ……,人物：肩までのミディアムヘア、黒い長袖、正面を向きやや体を縮めている;表情：目を丸くし口を少し開け、不安や戸惑いが表れている;背景：白一色で場所の特定なし、時間帯不明;効果：集中線や効果線なし、シンプルな描写;トーン：落ち着いたがやや気まずい、重い雰囲気;印象：後ろめたさや謝罪の気持ちが伝わり、読者に緊張や同情を与える
174,このままでいいんだろうか……?,人物：前髪の長い人物、顔の一部と鋭い目元が強調されている;表情：伏し目がちで、不安や迷いが感じられる;背景：無地のベタトーン、場所や時間帯は不明;効果：集中線や斜線で視線や雰囲気を強調;トーン：全体的に暗く重苦しい雰囲気;印象：読者に葛藤や不安、内面的な苦しみを強く印象付ける
175,こんなやり方……うらまれるだけじゃないですか……!?,人物：黒髪の若い男性、前髪が目にかかり、正面を向いている;表情：目を見開き、驚きや戸惑い、不安が感じられる;背景：背景は白く、特定の場所や時間帯は描写されていない;効果：顔全体にトーン処理、頬に斜線、緊張を示す小さな揺れ線;トーン：緊張感や動揺、不安を強く感じる雰囲気;印象：主人公が重大な疑念や不安を抱き、読者にも危機感が伝わる
176,だって今まで隠してきたのに……バレたら全部台なしじゃないですか……?,人物：スーツ姿でシャツとネクタイ、名札を付けた若い男性が椅子に座る;表情：眉をひそめ、険しい顔つきで不安や焦りが感じられる;背景：室内、壁が描かれており、職場や学校の一室のよう;効果：影を強調した濃淡や斜線で緊張感を表現;トーン：暗く重苦しい雰囲気;印象：追い詰められた心理、秘密が明かされる恐怖が伝わる
177,だけどルールだ,人物：短髪の青年、シャツ着用、顔のアップで前を強く見据える。;表情：眉をひそめ口を結び、強い意志や緊張感が表れている。;背景：白無地で詳細不明、人物の顔がメイン。;効果：顔の陰影と線で緊張感、インパクトを演出。;トーン：全体的にシリアスで重い雰囲気。;印象：強い決意と覚悟、ルールの重要性を強調して印象付ける。
178,言うべきか……?言わないべきか……?,人物：中年男性、短髪、和服、横顔でやや俯き気味;表情：迷いや葛藤を感じさせる沈んだ表情;背景：無地で余白が多く、場所や時間帯は不明;効果：トーンで陰影強調、余白で静けさ表現;トーン：静寂で緊張感のある雰囲気;印象：重い決断を前にした葛藤と内面の葛藤が伝わる
179,とりあえず今日はやめよう……明日になったら考えよう……,人物：中年男性、眼鏡、セーターとズボン、立ち上がって本を持つ;表情：俯き加減で疲れや諦めが感じられる;背景：室内、テーブルとソファ、敷物が敷かれたリビング風;効果：トーンや陰影で落ち着いた雰囲気を強調;トーン：静かでやや重たい雰囲気;印象：先延ばしや疲れを感じ、読者も一息つきたくなる
180,オレは独りだ……,人物：スーツ姿の男性が中央に立ち、他の人々はカジュアルな服装で行き交う。;表情：中央の男性は無表情で淡々とした様子。;背景：駅のホーム、電車や案内板がある、通勤・通学時間帯。;効果：集中線や擬音語はなく、緻密な描写で現実感を強調。;トーン：やや暗く冷たい雰囲気、孤独感が強い。;印象：群衆の中で一人だけ浮いた存在で、孤独感や疎外感が伝わる。
181,それしか……方法はありませんので……,人物：短髪の男性、横顔、うつむき加減で真剣な表情;表情：目を伏せ、眉を寄せており、落胆や諦めが感じられる;背景：グラデーショントーンのみで場所や時間は不明;効果：細かい線や影による表情強調、集中線や擬音はなし;トーン：重苦しく、シリアスな雰囲気;印象：絶望や無力感が読者に強く伝わる
182,見捨てるんですか……?,人物：中年男性、短髪、スーツ着用、正面を向き直立;表情：驚きと困惑、戸惑いが見える;背景：白く無地、場所や時間帯は不明;効果：特に集中線や擬音語はなし;トーン：シリアスで緊張感が漂う;印象：緊迫した状況で疑問や不安が伝わる
183,何が正しくて何が間違ってるかなんて……答えなんて誰に決められるんですか……!?,人物：鋭い目つきの青年、黒髪、影の多い顔、前傾姿勢;表情：怒りと困惑、強い感情を抑えきれない様子;背景：黒や斜線で埋め尽くされ、場所は不明;効果：集中線と強い影、台詞の強調;トーン：暗く重い、緊張感が漂う;印象：読者に葛藤や疑問の深さ、重いメッセージを伝える
184,答えがないからこそ……ルールが必要なんじゃないのか……?,人物：短髪で無精ひげ、白衣を着た男性、胸ポケットにペンや名札、うつむき気味の姿勢;表情：目線を下げ、真剣かつ沈んだ表情で悩みや戸惑いが見える;背景：室内、壁とドアが見える、光源による強い影;効果：影による強調、控えめなトーンで静けさを伝える;トーン：重く緊張感のある、落ち着いた雰囲気;印象：読者に葛藤や難問への苦悩を感じさせ、ルールや答えの必要性を問いかける
185,問題はあなたがどうしたいかなんじゃないの……?,人物：ショートヘアで口元にホクロ、カジュアルな服装、手で髪をかきあげる仕草;表情：やや薄目で唇を少し突き出し、不満や呆れ、問いかけの表情;背景：グレーのトーン、特定の場所は描かれていない室内風;効果：髪の動きを強調する線、表情を際立たせる影の濃淡;トーン：落ち着いたが若干の緊張感や冷たさが漂う;印象：読者に考えを促し、自分の意思を問うメッセージ性
186,何もしてないわよ…… 私……,人物：左はラフな服装の女性、右はショートヘアでスーツ風の大人の女性が煙草を持つ;表情：左は不安そう、右は無表情で少し冷たい;背景：夜の公園、木々がシルエット状に描かれている;効果：煙の表現とトーンで静かな雰囲気を演出;トーン：暗めで重苦しく、静けさと緊張感が漂う;印象：双方の距離感や心の溝を感じ、読者に緊張や孤独感を伝える
187,彼……強いよ……,人物：短髪でピアスをした若い女性、ジャケット姿、やや俯き加減。;表情：薄く微笑み、不敵さや自信が感じられる。;背景：グラデーショントーンで場所や時間帯は特定できず、抽象的。;効果：セリフ外に視覚効果はなく、静かな雰囲気。;トーン：緊張感を含んだ静かな雰囲気。;印象：誰かの強さを認めつつ、余裕や畏敬が感じられる。
188,君がやろうとしていることは……単なる人体実験だ,人物：鋭い目つきの男性、短髪、白衣、顔に強い影、真剣な姿勢;表情：眉をひそめ、口を結び、強い警戒心や怒りを示す;背景：シンプルな濃淡トーン、具体的な場所は不明、室内の可能性;効果：濃い影や斜線による強調、緊張感を演出;トーン：全体的に暗く重い、緊迫した雰囲気;印象：読者に警告や危険性、重大な局面を強く感じさせる
189,時々自分が嫌になるんだ……。本当はもっと周りともうまくやりたいのに……,人物：黒髪、長めの前髪、チェック柄の服、俯き加減の姿勢;表情：目を伏せて苦しげ、悩みや自己嫌悪が表れている;背景：特に描写なし、キャラクターの顔アップ;効果：点描トーン、集中線なし、吹き出しが感情を強調;トーン：重苦しく内省的、緊張感や落ち込みが漂う;印象：共感や切なさを誘い、自己嫌悪や葛藤が伝わる
190,自分が周りにどう思われるか気にしても……周りがどうしてほしいかなんて考えたりしないんだね……,人物：二人の若者、セーターを着て机に向かい座り、後ろ姿が描かれている。;表情：俯き加減で沈んだ、悩みを抱えている様子。;背景：室内、和風な障子窓と机、落ち着いた雰囲気。;効果：セリフ外枠に細かい集中線、無音で静かな空気感。;トーン：暗く重い、思索的で緊張感がある。;印象：内省的で孤独感や理解されない悩みが伝わる。
191,僕がやった事は全て……ただの自己満足だった,人物：短髪の青年、制服姿、横顔で下を向いている;表情：反省や後悔を感じさせる沈んだ表情;背景：白い空間で場所や時間帯は特定できない;効果：トーンや影で重苦しさを演出、集中線なし;トーン：暗く重い、内省的な雰囲気;印象：後悔や自己反省、虚しさが伝わる
192,暗闇に糸を垂らせば飛び付くに決まってるって……そんな傲慢な気持ちがあったんだと思います……,人物：長い前髪の若者、横顔、うつむき気味;表情：伏し目がちで沈んだ様子、反省や自責の感情;背景：トーン処理のみ、具体的な場所や時間帯は不明;効果：トーンと影で陰鬱感を強調、セリフに余韻;トーン：暗く落ち着いた雰囲気、内省的;印象：後悔や謙虚さが読者に伝わる、自己反省の場面
193,君は人の気持ちがわからない男だものね……,人物：ショートカットの女性、シャツのボタンを外したラフな服装、椅子に座りうつむく姿勢。;表情：下を向き目を閉じる、不満や諦め、悲しみが感じられる。;背景：単色で描かれ、場所や時間帯は特定できない。;効果：陰影やトーン処理で感情と雰囲気を強調。;トーン：重く緊張感があり、沈んだ印象。;印象：相手への失望や諦め、冷静な非難が伝わる。
194,くそ……!!くそ……!!,人物：涙を流す大きな目、太い眉、顔の一部が拡大されて描写されている;表情：悔しさや怒り、強い感情が涙と目の描写から伝わる;背景：詳細な背景はなく、人物の表情に集中;効果：汗や涙の描写、集中線が感情の高まりを強調;トーン：暗く重い、緊張感と絶望感が漂う雰囲気;印象：読者に強烈な悲しみや悔しさ、絶望感を印象づける
195,教えて下さい……。僕にできることは何ですか……?,人物：ベッドに横たわる少年と、うつむいて立つ白衣姿の大人;表情：少年は不安げ、大人は沈んだ表情;背景：病室、夜の静かな雰囲気;効果：影トーンで陰鬱さを強調;トーン：暗く重たい、緊張感が漂う;印象：無力感や切実な願いが読者に伝わる
196,教えて下さい……。私は何をすればいいんですか……?,人物：中年男性、短髪、髭、横たわり顔に影、裸に近い服装;表情：涙を流し苦悩、絶望と葛藤が混じる切実な表情;背景：背景は白一色で描写なし、場所や時間帯は不明;効果：強い陰影と細密な線で感情表現を強調;トーン：非常に暗く、絶望感と重苦しい雰囲気;印象：読者に深い悲しみと迷いを強く伝えるコマ
197,生きて死ぬ事は……本来生物にとって自然な出来事です……,人物：黒髪の男性、シャツ姿、俯き加減で静止;表情：重々しく沈んだ目、真剣で憂いを帯びた表情;背景：白地で描写なし、場所や時間帯不明;効果：影と細かい線によるリアルな陰影;トーン：暗く重苦しい雰囲気;印象：死生観や人生の無常を考えさせる深い印象
198,上から人を見下ろして……あなたに何がわかるって言うんですか……?,人物：老人、しわが多く帽子をかぶり、うつむきがちな姿勢;表情：険しく、憤りや不満が感じられる;背景：詳細不明、背景は描かれていない;効果：線のトーンで重苦しい雰囲気を強調;トーン：暗く重い、緊張感が漂う;印象：読者に苦悩や反発心、重たいメッセージが伝わる
199,バカにすんな……,人物：車椅子に座る若者と白衣を着た医者、若者はこぶしを握りしめ下を向く。;表情：二人とも顔が見えないが、若者は悔しさや怒りを示唆。;背景：病院の廊下、明るい照明と清潔な床。;効果：斜めの線や影、集中線で緊張感を演出。;トーン：全体的に陰影が強く重苦しい雰囲気。;印象：読者に絶望や反発、葛藤の強さを印象付ける。
200,何も分かっていません……,人物：男性、乱れた髪、白衣、ネクタイ、下を向く;表情：沈んだ顔、目を伏せている、不安や困惑;背景：白、場所や時間不明、詳細な描写なし;効果：影を強調、線による陰影;トーン：全体的に暗く重い雰囲気;印象：絶望感や無力さ、読者に切迫感が伝わる
201,僕は死にたくありません……!!,人物：白衣を着た男性と帽子をかぶった人物、白衣の男性はやや下を向いて立っている;表情：白衣の男性は汗をかき、不安や恐怖を感じている様子;背景：室内の廊下、壁と床が見え無機質な雰囲気;効果：線やトーンで影と緊張感を強調;トーン：全体的に暗く重い緊張感;印象：切迫した心情と生への執着が強く伝わる
202,気まぐれやいい加減な気持ちでしたんじゃないでしょ……?,人物：短髪の少年、制服姿、正面を見つめ直立;表情：驚きや動揺、焦りが見て取れる;背景：室内、壁が近い、夜か薄暗い環境;効果：斜線のハッチングで影と緊張感を演出;トーン：暗く重苦しい、緊張や不安が漂う;印象：追及されて追い詰められている印象、後ろめたさが伝わる
203,もしも真剣に生きる事ができたんなら……どうして死ぬ時に後悔なんてしますか……?,人物：短髪で普通の服装、顔のアップ、汗をかき歯を見せた状態;表情：目を大きく見開き、驚愕と混乱、切実さが伝わる;背景：真っ黒な背景、場所や時間帯は不明;効果：顔全体に集中線と斜線、緊張感を強調;トーン：暗く重苦しい、切迫した雰囲気;印象：生への葛藤や後悔、人生への問いかけが鋭く伝わる
204,生と向き合う事は……死と向き合う事と同じではありませんか……!?,人物：男性、スーツ姿、髪は長めで乱れている、前傾姿勢;表情：鋭い目つきで怒りや強い決意が感じられる;背景：抽象的で暗い、時間帯や場所は特定できない;効果：激しい集中線と黒いインク飛沫で緊張感を強調;トーン：暗く重い雰囲気、切迫感が漂う;印象：生と死に向き合う葛藤や覚悟の重要性が強く伝わる
205,お好きになさって下さい……,人物：無精ひげの男性が白衣を着てうつむき加減で立っている;表情：伏し目がちで厳しい、または諦めたような表情;背景：室内で病室やオフィスのような照明・天井が描かれている;効果：影や濃いトーンで陰影が強調され、緊張感を演出;トーン：全体的に暗く重い不穏な雰囲気;印象：読者に威圧感や不安、緊張感を与える
206,君には関係ない……。これは僕の決断だ……,人物：短髪でシャツ姿の青年、背中を向けて立つ;表情：顔は見えないが、決意や覚悟が感じられる;背景：網掛けトーンで背景はシンプル、場所や時間は特定できない;効果：効果線や集中線はなし、背景トーンで静かな雰囲気;トーン：重く緊張感のあるシリアスな雰囲気;印象：読者に強い意志や覚悟、孤独感を伝える
207,最近自分がわからないんだ……,人物：短髪の若い男性、スーツにネクタイ、うつむき加減;表情：沈んだ目元で、悩みや苦しみが表れている;背景：無地で暗く、場所や時間は特定しにくい;効果：線や影による強調、陰影が重い;トーン：全体的に暗く重い、内省的な雰囲気;印象：読者に悩みや苦悩、自己喪失感が強く伝わる
208,頼む……お前の力を貸してくれないか……?,人物：白衣を着た男性二人、うち一人は書類を持ち俯き加減で立っている。;表情：表情は見えないが、姿勢から落ち込んだ、切実な様子。;背景：草が生い茂る屋外、昼間、静かな環境。;効果：特に目立つ集中線や擬音語はなし。;トーン：全体的に暗く重い、緊張感のある雰囲気。;印象：切実なお願いが伝わり、読者に重い決断や覚悟を感じさせる。
209,今さらお前を許せと言うのか……?僕はずっとここで待ってたんだぞ……,人物：中年男性、スーツ姿、やや猫背で顔を大きくアップ;表情：涙目で口を震わせ、怒りと悲しみが混じる;背景：背景は曖昧で場所や時間帯の特定はできない;効果：顔にハッチングと影、強調された目元と口元;トーン：全体的に暗く緊張感が漂う;印象：強い感情を抱え、読者に切迫感と哀しみを伝える
210,世界は全部私の想像で……本当は私の頭の中にしかないんじゃないかって……,人物：長い黒髪、和服風の衣服、横顔で下を向く姿勢;表情：寂しげで内省的、目が細められやや涙ぐむ;背景：白抜きで詳細不明、場所や時間帯の描写なし;効果：人物周囲にトーン処理、集中線や擬音語なし;トーン：静かで内省的、暗く沈んだ雰囲気;印象：孤独や不安、自己存在への疑念を強く感じさせる
211,私たちは誰も……独りなんかじゃない……,人物：病院のベッドに寝ている人物と、椅子に座り俯く長髪の人物;表情：寝ている人物は穏やかな表情、椅子の人物は顔が見えず沈んだ印象;背景：病室、日中で窓から光が差し込む;効果：影の描写で静かな雰囲気を強調;トーン：静かで少し切ないが温かみのある雰囲気;印象：孤独ではないことへの希望や絆が伝わる
212,それを教えてくれたのは……君だよ,人物：短髪の男性、スーツ姿、顔のアップでやや斜め向き;表情：柔らかな微笑み、自信と感謝が感じられる;背景：背景は白く、特定の場所や時間は描写なし;効果：目元や影にトーン多用、セリフの強調;トーン：落ち着いた静かな雰囲気;印象：感謝や尊敬の意を強く伝える印象
213,言ってもどうにもならないと分かっていて……それでも君に言ったんじゃないのかな……,人物：短髪の青年、制服姿、横顔で唇は少し開いている;表情：険しい目つき、口元は硬く緊張感が見える;背景：シンプルな網掛け、場所や時間は特定できない;効果：細かなトーンによる陰影表現が強調されている;トーン：重くシリアスで緊張感のある雰囲気;印象：切迫した葛藤や苦悩が読者に強く伝わる
214,あなたは今のご自分の状況を分かってらっしゃいますか……?,人物：短髪の男性、スーツ姿、正面を睨むような姿勢;表情：鋭い目つきで真剣・威圧的な感情;背景：室内、壁が見え、時間帯は不明;効果：太い枠線と陰影で緊張感を演出;トーン：暗く重苦しい、緊張感が漂う雰囲気;印象：相手を追い詰めるような圧力と真剣さが伝わる
215,何でもいいから連絡を下さい……,人物：若い男性、短髪、カジュアルな服装、顔のアップでやや前傾姿勢。;表情：目を見開き、口元が震え、汗をかき緊張と不安が表れる。;背景：詳細な描写はなく、人物の顔が大きくクローズアップ。;効果：細かいトーンや陰影、汗の描写で緊張感を強調。;トーン：暗く重い雰囲気、不安感や切迫感が漂う。;印象：切実な願いや必死さが伝わり、読者も緊張感を抱く。
216,強く生きて……,人物：年配の男性、帽子とセーター姿、顔に汗を浮かべ静かに立つ。;表情：優しさと苦しさが混じる穏やかな微笑みで涙ぐむ様子。;背景：空が描かれ、屋外での穏やかな時間帯。;効果：細かい線やトーンで陰影を強調し、感情を際立たせている。;トーン：静かで重みのある、感動的かつ切ない雰囲気。;印象：読者に対し「強く生きる」ことの大切さや人間の強さを訴える。
217,謝りなさい……,人物：中年男性、帽子着用、スーツ姿、雨に濡れている;表情：険しく強張った顔、怒りや強い決意が感じられる;背景：雨が強く降る屋外、夜か曇りの暗い雰囲気;効果：縦の雨線や水滴、顔の影で重苦しさを強調;トーン：全体的に暗く重苦しい、緊張感が漂う;印象：強い威圧感と迫力、謝罪を強いる切迫した状況
218,もう会えないと思っていた……。もう言葉を交わすことはできないと思っていた……,人物：短髪の若い男性、シャツ姿、やや前かがみで横向き;表情：目を見開き、口元に笑み、汗をかきながら安堵と驚き;背景：白地で描写なし、具体的な場所や時間帯不明;効果：線による顔の陰影や汗、シンプルなコマ割り;トーン：やや緊張感と希望が入り混じる静かな雰囲気;印象：再会の喜びと安堵、絆や希望を読者に伝える
219,その手は無力か……?,人物：中年男性、スーツ姿、無精髭、くすんだ表情、うつむき加減;表情：目が半開きで無気力そう、虚無や諦めの感情;背景：白背景、詳細不明、強調なし;効果：集中線や擬音語なし、顔の陰影強調;トーン：暗く重苦しい、緊張感や絶望感;印象：無力感や敗北感を読者に強く印象付ける
220,この手は無力なのか……?,人物：短髪の少年、制服姿、手を見つめながら前傾姿勢;表情：真剣で悩みを抱えた様子;背景：白背景で場所や時間帯の描写なし;効果：集中線・擬音なし、手などに繊細な影;トーン：静かで内省的、やや暗い雰囲気;印象：無力感や自問自答、主人公の葛藤が伝わる
221,兄貴~~~そうなんすわ~~~ほんまワケわからんガキなんですわ~~~,人物：前方の男はリーゼントにサングラス、縞模様のスーツ。後方の少年は短髪・Tシャツ姿で驚いた様子。;表情：男は苛立ち気味で不機嫌、少年は戸惑いや緊張が見える。;背景：室内の和風の扉付近、時刻は不明。;効果：セリフの強調、太めの線や大きめの吹き出しで緊張感を演出。;トーン：やや重苦しい・威圧的な雰囲気。;印象：緊張や圧迫感、少年の不安と男の威圧感が強く伝わる。
222,あかん……こりゃもうあかんわ……,人物：サングラスをかけた細身の男性と後ろ姿の長髪男性、男性はパジャマ風の服装。;表情：サングラス男性は不満・諦めの表情、口を開けている。;背景：室内のドア付近、詳細な小物は少ない。;効果：トーンやベタで影が強調されている。;トーン：全体的に暗く、重苦しい雰囲気。;印象：失望や絶望感が読者に伝わるシーン。
223,お兄さん……アンタみたい話分からん人ワシ初めてやで……,人物：サングラスをかけ、前歯が欠けている男性、縞模様のシャツ、やや前傾姿勢;表情：不機嫌そうで苛立った様子;背景：白地で背景描写なし、場所や時間帯不明;効果：影による強いコントラスト、集中線や擬音語なし;トーン：暗く緊張感が漂う雰囲気;印象：威圧的で、本気で怒っている印象が強く伝わる
224,３ヶ月でええ言うてるやないかァアァァァァ!!,人物：サングラスをかけた男性がスーツ姿で怒りながら前屈み、相手は後ろ向き。;表情：男性は大きな口を開け叫び、怒りや苛立ちが強く表れている。;背景：線状の集中線で覆われており、場所や時間の具体的描写はない。;効果：集中線が男性の背後に描かれ、緊迫感と怒りの勢いを強調。;トーン：緊張感が高く、張り詰めた雰囲気。;印象：圧迫感と威圧感が強く、読者に緊張や恐怖を感じさせる。
225,待てコノヤロオォォォォォ!!(ダッ),人物：男性、短髪、シャツとズボン姿で全力で走っている。;表情：表情は見えないが、必死さや焦りが感じられる。;背景：荒れた路地裏、夜または薄暗い時間帯、石やゴミが散乱。;効果：スピード線、集中線、大きな擬音「ハッ」が動きと緊張感を強調。;トーン：全体的に暗く、緊迫した雰囲気。;印象：追われる恐怖と切迫感が強く伝わるシーン。
226,聞かんほうがええ……聞かんほうがええ……,人物：左は学生風の青年、汗をかき緊張気味、右はメガネの中年男性でストライプの服、前のめりで威圧。;表情：青年は驚きと動揺、男性は強い意思と問い詰めるような表情。;背景：背景は白抜きで場所や時間帯の詳細なし、キャラクターに集中。;効果：集中線や擬音語なし、人物の描写に力点。;トーン：緊張感が強く、対立的な雰囲気。;印象：問い詰めの圧力や緊張感が読者に伝わり、先の展開への不安を感じさせる。
227,な……何なんですかあなた……?(プルプル),人物：短髪で前髪のある若い人物、Tシャツ、正面を向き肩をすくめる姿勢;表情：目を大きく見開き歯をむき出し、強い恐怖や警戒心;背景：背景は白く、場所や時間帯の描写なし;効果：汗の滴や震え線、「プルプル」の擬音語;トーン：緊張感と恐怖に包まれた雰囲気;印象：強い不安や警戒心が伝わり、危機感を読者に与える
228,兄貴が来たらあんた……どうなっても知らんでえええ~~~……,人物：サングラスをかけた中年男性、口元に歯が目立ち、無精髭、髪はオールバック。;表情：口を歪め、不安や動揺が伺える。;背景：暗いトーンで、詳細な環境描写はなし。;効果：後ろに黒い集中線状の陰影。;トーン：全体的に不穏で緊張感が強い。;印象：読者に不安や危険を感じさせ、警告や逃避の意志を強調している。
229,こんにちは。どちらからいらしたんですか?,人物：スーツ姿の青年とチェック柄シャツの中年男性、青年は直立、中年は顔を近づけている;表情：青年は困惑・緊張、中年男性は威圧的で強い興味を示す;背景：背景は白で省略、場所や時間帯は不明;効果：集中線や擬音語なし、キャラの表情と距離感に焦点;トーン：緊張感と違和感が強い;印象：圧迫感や不穏さ、会話の異様さが伝わる
230,色々とご迷惑おかけすると思いますが……以後よろしくお願いします,人物：中年男性、丸顔、大きな鼻、短髪、和服、正面を見つめ軽く前傾姿勢;表情：口元に微笑み、不気味で含みのある目つき;背景：縦縞模様、室内、時間帯不明;効果：顔の影、細かいトーン、枠線強調;トーン：不穏で緊張感のある雰囲気;印象：読者に不信感や警戒心を抱かせる
231,何もしなくていいですよ……。用事がある時はこちらから言いますから……,人物：中年男性、長髪、着物風の服装、横顔で冷静な姿勢;表情：冷淡で無表情、感情を抑えている印象;背景：白背景、詳細な場所・時間帯の描写なし;効果：細かい線描、影を使ったリアルな質感強調;トーン：暗く重苦しい、緊張感が漂う;印象：読者に冷徹さや距離感、不穏な雰囲気を伝える
232,あなたも騙されてここに来たの?,人物：男性は白衣姿で髪は短く、カレンダーを持ち、女性は長髪で後ろ姿のみ。;表情：男性は戸惑いや困惑が感じ取れる表情。;背景：背景はほとんど描かれておらず、場所や時間帯は不明。;効果：吹き出しやカレンダーに集中線、感情を示す小さいセリフ描写あり。;トーン：全体的に不安や疑念が漂う緊張感のある雰囲気。;印象：読者に不穏さや不信感、先の展開への興味を与える。
233,ひょっとして神様ですか……?,人物：白衣を着た男性と長髪の女性、男性は得点ボードを持つ;表情：男性は驚きや困惑の表情、女性は後ろ姿で読めない;背景：背景は白く、無地で場所や時間は不明;効果：集中線やスピード線はなし、吹き出し有り;トーン：緊張感と不思議な雰囲気;印象：突然の問いかけで場が静まり、神秘性を感じさせる
234,あなた優しい顔をしているから、もしかしたら大日如来か不動明王様だと思った,人物：長い黒髪で顔の半分が隠れ、フリル付きの服を着ている女性。;表情：微笑んでいるが、どこか不気味さや不穏さを感じさせる。;背景：背景は白く描かれておらず、場所や時間は不明。;効果：髪や服に細かいトーンや線、影で陰鬱さを強調。;トーン：全体的に暗く、不気味で緊張感がある。;印象：親しげな言葉と裏腹に不安や不信感を読者に与える。
235,分かったか斉藤!!分かったら脱げ!!全部さらけ出して勝負せんかァァァ!!(バッ),人物：上半身裸でパンツ姿の男性、シャツ姿の男性、座るスーツ姿の青年。;表情：叫ぶ男性は必死、青年は驚きと困惑の表情。;背景：室内、床や壁は描写なし、昼夜不明、周囲に物なし。;効果：集中線、スピード線、強調された吹き出しで緊迫感表現。;トーン：緊張感とややコミカルな雰囲気。;印象：全力を出して勝負せよというメッセージが読者に伝わる。
236,ふん……さんざん好き勝手やった奴が大人みたいな事を言いやがって……,人物：短髪で筋肉質な男、険しい表情、下を向き気味;表情：不満・皮肉・呆れなどの感情が表れている;背景：真っ白で特定の場所や時間帯は不明;効果：集中線やスピード線なし、シンプルなトーン;トーン：暗く重い、緊張感や葛藤を感じさせる;印象：自嘲気味に他人を批判する強い個性が伝わる
237,やれやれ……答えはまだ聞かないほうがいいみたいだな……,人物：中年男性と若い男性、どちらもワイシャツ姿で落ち着いた服装、椅子に座っている。;表情：中年男性はうつむき気味で困惑、若い男性は余裕ある微笑み。;背景：和風の室内、障子や壁の模様が見える。;効果：セリフの吹き出し多用、集中線や擬音語なし。;トーン：落ち着いたがやや重い、静かな緊張感。;印象：状況を悟った大人の会話から、読者は心理戦や駆け引きを感じ取る。
238,怖い……気味が悪い……何を考えているか分からない……,人物：中年男性、髪は長めで顔にしわ、横顔で下を向いている。;表情：薄く不気味な笑み、感情を読み取りにくい。;背景：白く無地、場所や時間帯の描写なし。;効果：細かい線や網点で陰影を強調、緊張感を演出。;トーン：不穏で暗い、心理的な圧迫感が強い。;印象：読者に不気味さや恐怖、不安を強く与える。
239,全部ウソです,人物：スーツ姿の2人、うち1人は頭を垂れ下向き加減;表情：後ろの男性は苦悩や諦めの様子;背景：鉄格子のある室内、閉鎖的な空間;効果：縦線のトーンと影で重苦しさを強調;トーン：暗く重い、緊張感が漂う;印象：絶望感や真実の露呈による衝撃を与える
240,これは賭けです……,人物：中年男性二人、どちらも作業服、正面と後ろ姿で描かれる;表情：奥の男性はやや苦渋や諦めの混じった表情;背景：鉄格子のある部屋、室内、刑務所や拘置所のような場所;効果：集中線や擬音語なし、落ち着いた描写;トーン：暗めで重い、静かな緊張感;印象：切迫した選択や状況の重たさ、人生の岐路を感じさせる
241,“表現”によって何かが変えられるか……?,人物：中年男性、スーツ姿、後ろを振り返る姿勢;表情：疑念や戸惑い、思索的なまなざし;背景：鉄格子があり、牢屋や拘束された空間を示唆;効果：太い影線と斜線による緊張感の強調;トーン：暗く重苦しい雰囲気;印象：読者に不安や葛藤、閉塞感を伝える
242,僕はキチガイじゃない……僕はキチガイじゃない……僕はキチガイじゃない……(ゴンゴンゴン),人物：男性、短髪、無精髭、ドット柄パジャマ、机に額を打ち付ける姿勢;表情：涙を流し苦悩、強い自己否定と精神的葛藤;背景：室内、机、夜間または薄暗い部屋の雰囲気;効果：擬音語「ゴン」、動きのある集中線;トーン：暗く重苦しい、精神的に切迫した雰囲気;印象：強い孤独感と追いつめられた心情が伝わる
243,だけどこんな所にいたら僕は本当におかしくなってしまう……,人物：ぼさぼさ髪の男性が水玉模様のパジャマを着て正面を向き、看護師と思われる女性が背を向けている。;表情：男性は虚ろで疲れた顔、弱々しい印象。;背景：背景は白で、場所は室内の病院や施設と推測される。;効果：特にスピード線や集中線などの視覚効果はない。;トーン：全体的に沈んだ雰囲気、緊張感や絶望感が漂う。;印象：閉塞感や不安が強調され、読者は同情や心配を感じる。
244,僕はキチガイなんじゃなああああああああい!!(ダダダダダダ),人物：短髪で汗だく、口を大きく開けて絶叫する男性。;表情：極度の恐怖・混乱や絶望が読み取れる。;背景：抽象的な集中線が背景を覆い、場所や時間帯は不明。;効果：集中線と「ハァ」などの擬音語で緊迫感を強調。;トーン：全体的に暗く重い、激しい緊張感。;印象：読者に強烈な混乱や絶望、狂気が伝わるシーン。
245,いやん……エッチ……そこはダメ~~~,人物：無精髭で短髪、中年男性、パジャマ姿、地面に横たわる;表情：頬を赤らめ、恍惚とした笑み;背景：地面一面の葉っぱ、屋外、時間帯不明;効果：葉っぱの描写とセリフのハート、ドットトーン;トーン：コミカルでやや不気味、違和感のある雰囲気;印象：滑稽さと気持ち悪さが混在し、読者に妙なインパクトを与える
246,気にしないことです……。相手を怒らせて何かを引き出そうとするのも彼らのやり方です……,人物：中年男性、白髪、スーツ姿、スカーフ着用、椅子に座り俯き気味;表情：眉をひそめ無表情、冷静さや沈着な雰囲気;背景：ブラインドのある室内、シンプルで明るい部屋;効果：繊細な線描写による陰影強調、セリフの吹き出し;トーン：静かで重い、緊張感のある雰囲気;印象：読者に冷静な思考や達観した態度を印象付ける
247,人と交わるって難しいです……,人物：二人の男性、スーツ姿で机を挟んで向き合い、片方はうつむき気味。;表情：上からの視点で顔は見えないが、うつむきは沈んだ気持ちを表現。;背景：室内の木製床と壁、机と書類があり、オフィスや面談室の雰囲気。;効果：集中線や擬音は使われていないが、高い俯瞰視点が緊張感を演出。;トーン：全体的に落ち着いており、やや重く真剣な雰囲気。;印象：人間関係の難しさや悩み、内向的な心情が強く伝わる。
248,これ以上何をどうしろって言うんだよ……,人物：黒髪の少年、制服姿、うつむき加減で斜め下を見ている;表情：眉をひそめ、口元が固く、不安や困惑の感情;背景：木目の壁、室内、時間帯は特定できない;効果：細かなトーン処理、影で重苦しい雰囲気を演出;トーン：暗く緊張感が漂う静かな雰囲気;印象：追い詰められた心情や葛藤が強く伝わる
249,ここはそのためにある場所です……。あせる必要はありません……,人物：中年男性、メガネ、長めの前髪、首元にドット柄のバンダナ、横顔で真剣な表情;表情：落ち着いた目元と口元、冷静で穏やかな心情が伺える;背景：背景は真っ白で描写なし、場所や時間は不明;効果：濃い影、細かい線やトーンによる質感表現、視覚的に重厚;トーン：全体的にシリアスで落ち着いた雰囲気;印象：読者に安心感や信頼、焦らず冷静でいることの重要性を伝える
250,“自分”が何者かよく分からなくなるから……他人との係わり方も分からなくなるんですね……,人物：中年男性、長髪、スーツ、真顔でやや下を見つめる姿勢;表情：冷静で内省的、不安や迷いが感じられる;背景：無地、場所や時間帯は特定できない;効果：細かいペン線とトーンで陰影強調、集中線・スピード線なし;トーン：重苦しく落ち着いた雰囲気;印象：自己喪失感や他者との関係性の悩みが強く伝わる
251,僕は……ちっぽけな存在だ,人物：少年が制服姿で仰向けに寝そべり、腕を頭の後ろで組んでいる;表情：遠くて見えないが、無気力・虚無感が伝わる;背景：広大な草原、昼間、周囲に人影なし;効果：特別な集中線や擬音語なし、遠景で孤独感強調;トーン：静かで寂しい、虚しさが漂う;印象：自分の小ささや無力感を強く感じさせるシーン
252,君の意見は求めていません……。とりあえず私の指示に従ってもらえますか……?,人物：中年男性、長髪、白衣風の服、顔を横に向けている;表情：鋭い目付きで冷淡、上から目線の不満げな表情;背景：室内、壁や窓枠が描かれている;効果：影や線により緊張感や圧力を強調;トーン：暗く重い雰囲気、支配的な空気;印象：読者に威圧感や従うしかない状況を伝える
253,僕はどこにだって行ける!!,人物：短髪の青年、汗をかき歯を食いしばり力強く叫ぶ姿勢;表情：決意と必死さが表れた真剣な表情;背景：線のみで、場所や時間帯は不明;効果：強いスピード線で緊張感と勢いを強調;トーン：緊張感が高く、力強い雰囲気;印象：強い意志や覚悟が読者に伝わる
254,嫌だ…僕には他に行く所なんてないんだ……,人物：短髪の男性、顔に汗、俯き加減の横顔;表情：眉をひそめ涙、切実さと悲しみ;背景：無地で暗め、具体的な場所の描写なし;効果：モノトーン、トーン処理と線で陰影;トーン：重く暗い、絶望的な雰囲気;印象：追い詰められた心情、読者に強い同情を誘う
255,裏を返せば……何をしても自由ですよ……,人物：中年の男性、長めの髪、しわのある顔、横顔、無表情;表情：冷静で無感情、少し警戒・観察している印象;背景：白背景で場所や時間の詳細なし、シンプル;効果：顔の影や細かい線で緊張感を演出;トーン：全体的に暗く重い、シリアスな雰囲気;印象：相手を試すような台詞で緊張感と不穏さを強調
256,ララ~~~ッ,人物：太った男性、短髪、派手な水玉模様の服、両手を上げている姿勢;表情：大きく口を開けて笑顔、幸福感や開放感が表れている;背景：背景は白、場所や時間帯の詳細描写なし;効果：音符と「ララ～～ッ♪」の擬音で歌唱を強調;トーン：明るく陽気な雰囲気;印象：読者に楽しさやユーモラスな印象を与える
257,笑うなあああああああああぁあぁあ,人物：乱れた髪とパジャマ姿、後ろ姿で走っている男性;表情：顔は見えないが、動作や叫びから憤りや絶望が感じられる;背景：建物外の路地、昼間、通行人の女子学生が歩く;効果：スピード線や集中線、擬音で動きと叫びを強調;トーン：緊張感と切迫感が強い;印象：極限状態の叫びが読者に強い不安や哀しみを伝える
258,訴えてやる……。こんなの人権無視じゃないか……,人物：中年男性、ボサボサの髪、汗と涙を流し苦悩の表情で顔がアップ;表情：怒りと悲しみ、理不尽さへの悔しさが滲む;背景：背景は白で描写無し、強調された顔のみ;効果：汗や涙の線、輪郭の強調で感情を際立たせる;トーン：緊張感と絶望感が強い、重い雰囲気;印象：理不尽な状況への怒りと無力感がストレートに伝わる
259,まったく……。ああいう人を野放しにしておくから世の中物騒になるんです!,人物：サングラスの女性と年配の女性、どちらも厳しい表情で前を見ている。<br>;表情：眉をひそめ、口をへの字にして不満や呆れ、怒りが表れている。<br>;背景：特に描写はなく、人物が強調されている。<br>;効果：細かい線や影で表情や感情が強調されている。<br>;トーン：全体的に暗く、緊張感や否定的な雰囲気。<br>;印象：世の中や誰かに不満を感じている厳しい印象が伝わる。
260,今回の事態を引き起こしてしまったのは……我々の判断ミスです……,人物：中年男性、眼鏡、白衣、机に座りうつむき加減の姿勢;表情：口を固く結び、目線を落とし反省や後悔の感情;背景：室内、机と壁のみのシンプルな環境、時間帯は不明;効果：トーンの濃淡で静かさと重苦しさを表現;トーン：暗く重苦しい、緊張感と反省の雰囲気;印象：失敗を真摯に認め、誠実さや責任感が伝わる
261,あなたと……正面から向き合わせて下さい……!!,人物：短髪で制服姿の青年、真正面から見据える姿勢;表情：眉をひそめ、強い決意と緊張感が読み取れる;背景：背景は白一色で場所や時間の情報なし;効果：影のトーンと顔のクローズアップで緊張感強調;トーン：重く、シリアスで対峙する雰囲気;印象：覚悟と真剣さが伝わり、読者に強い印象を与える
262,狭いんだよね。結局会社に入るのなんて宗教に入るのと同じさ,人物：若い男性、シャツにベスト、やや斜めを向きリラックスした姿勢;表情：口角を上げた半笑いで皮肉気な表情;背景：掲示物が貼られた屋内、恐らくオフィスや学校;効果：細かい陰影トーンで現実感を演出;トーン：少し暗くシニカルで落ち着いた雰囲気;印象：社会や組織に対する批判的なメッセージが強く伝わる
263,止まれえええぇえぇえええええ!!!(ダダダ),人物：若い男性が学生服風の服装で前傾姿勢で逃走、もう一人は大人でエプロン姿、腕を振り全力で追いかける。;表情：逃げる男性は焦り、追いかける男性は怒りと必死さが強く表れている。;背景：シャッター街の路上、昼間、道路脇に自販機やゴミが見える。;効果：擬音語（ドドド）、スピード線、セリフ（止まれーー！）が動きを強調。;トーン：緊迫感があり、急展開や追跡の臨場感が強い。;印象：緊迫した状況が読者に伝わり、事件性やトラブルの予感を強く与える。
264,おかしいのはお前だ!!,人物：長髪で顔に汗が流れる、片目を大きく見開いた人物;表情：極度の恐怖や混乱、危機感が表れている;背景：背景は暗く、詳細な環境は描かれていない;効果：集中線や汗、強調された台詞枠;トーン：非常に緊張感があり、不安と狂気が漂う;印象：強烈な感情が伝わり、読者に迫力と不安を与える
265,気がついたらここに連れてこられてました……,人物：短髪でやや無精ひげ、シャツ姿、俯き加減で座っている;表情：目にクマがあり、疲れや不安、困惑が表れている;背景：無地で詳細不明、場所や時間帯は描写されていない;効果：網掛けトーンで影を強調し重い雰囲気;トーン：全体的に暗く重苦しい印象;印象：閉塞感や不安、状況への戸惑いが伝わる
266,これからですよ……。あなたの罪が明らかになっていくのは……,人物：中年男性、スーツ姿、顔のアップで真正面;表情：冷静かつ厳しい、感情を抑えた目つき;背景：白く無機質、場所や時間は不明;効果：細かい陰影トーンが重々しさを強調;トーン：暗く重苦しい、緊張感が漂う;印象：威圧感と追及の予感、逃れられぬ運命を示唆
267,いらない。以上,人物：中年男性、整った髪型、ワイシャツとネクタイ、正面を向き直立;表情：無表情で冷淡、関心や感情の起伏が見られない;背景：白一色、場所や時間帯の情報はなし;効果：視覚効果なし、シンプルな吹き出しのみ;トーン：淡々とした雰囲気、静けさと冷たさ;印象：冷酷さや孤独感、突き放すようなメッセージが伝わる
268,私は会社員として……大人になれなかったんでしょうね……,人物：中年男性、スーツ姿、ネクタイ着用、肩を落とした姿勢;表情：目が半開きで口元がゆるみ、虚無感や諦めが漂う;背景：グラデーションの背景、明確な場所や時間帯の特定なし;効果：線による陰影が強調され、重苦しい雰囲気を演出;トーン：全体的に暗く重苦しく、緊張感や哀愁が漂う;印象：人生の悔いや諦めが伝わり、読者に共感や切なさを与える
269,思わず本音が出てしまった……,人物：中年男性、薄毛、パジャマ姿で正座、背中を丸めている;表情：落ち込んだ様子、憂鬱そうな表情;背景：シンプルな和室、ベッド、布団、クローゼット、パソコン;効果：集中線や擬音語なし、静的な構図;トーン：暗めで沈んだ雰囲気;印象：後悔や自己嫌悪が伝わり、読者に哀愁を感じさせる
270,あなたを待っていました……,人物：黒髪の青年、制服姿、横顔で静かに立っている。;表情：薄く赤らみがあり、緊張と真剣さが感じられる。;背景：色味のない暗いグラデーション、場所や時間は不明。;効果：トーンで陰影が強調され、集中線や擬音語は無し。;トーン：静かでやや重い雰囲気、緊張感が漂う。;印象：読者に切実さや誠実な思いが伝わり、印象的な場面。
271,大人になれ……1万回言われてきましたよ……,人物：中年男性、スーツ姿、横顔で猫背気味。;表情：無表情に近く、やや諦めや疲労を感じさせる。;背景：無地のグラデーション、詳細が描かれていない室内。;効果：トーンや細かい線で陰影強調、静寂感を演出。;トーン：落ち着いたが重苦しい、緊張感や哀愁が漂う。;印象：読者に無力感や虚しさ、大人への諦観を伝える。
272,私……ウエンディ……。ピーターパンを待っているの……,人物：長髪でワンピース姿の少女がぬいぐるみを抱えて立っている;表情：微笑みと穏やかな目元で、やや夢見るような印象;背景：グラデーションのみで場所や時間帯は特定できないシンプルな空間;効果：キャラクターを際立たせる淡い光のグラデーション;トーン：静かで幻想的、少し寂しげな雰囲気;印象：夢や希望と共に孤独感も感じさせ、読者に静かな余韻を残す
273,お……,人物：黒髪で前髪が長めの少年、学生服姿、直立不動;表情：驚きと戸惑い、頬に汗、口をすぼめている;背景：白背景、場所や時間帯の情報なし;効果：視覚効果なし、集中線・スピード線なし;トーン：静かな緊張感、ややコミカル;印象：突然の状況に戸惑いや驚きを感じさせる
274,僕は忙しいんです!!放っておいて下さい!!,人物：前に白衣姿の若者、後ろにチェック柄シャツで頭を下げている人物。;表情：白衣の人物は驚きや困惑が表れ、涙ぐんでいる。;背景：室内でベンチや机があり、具体的な時間帯は不明。;効果：セリフ周りに集中線、強調した吹き出し。;トーン：緊張感と切迫した雰囲気。;印象：拒絶や悲しみ、追い詰められた心情が強く伝わる。
275,しばらく観察を続けて下さい……。無理に理由を聞き出そうとしないほうがいいでしょう,人物：中年男性、長髪、白衣、スカーフ、伏し目がち;表情：険しい、沈んだ目、緊張や覚悟が見える;背景：背景なし、人物の顔が強調;効果：顔の陰影が深く強調、集中線や擬音語なし;トーン：重苦しい、シリアスで張り詰めた雰囲気;印象：秘密や事情を抱え、容易に踏み込めない印象
276,恋……!?,人物：黒髪の少年、制服姿、正面をやや見上げる姿勢;表情：驚きと戸惑い、目を見開き、口をわずかに開けている;背景：白背景、場所や時間帯の情報なし;効果：吹き出し内の「恋…！？」と大きな記号、汗マーク;トーン：緊張感と意外性、静かな衝撃;印象：恋という言葉への動揺や混乱が伝わり、読者も驚きを感じる
277,どっからでもかかって来い!!僕は無敵だ!!,人物：チェック柄の服を着た男性が卓球台の前でラケットを構え、審判役の白衣姿の人もいる。;表情：男性は大声で叫び、強い自信と闘志を表している。;背景：屋内の卓球場、床は木張り、卓球台が中央に配置。;効果：集中線で迫力と勢いを強調、セリフの吹き出しも大きい。;トーン：熱気と緊張感が高まる明るく激しい雰囲気。;印象：主人公の圧倒的な自信と挑戦的な姿勢が印象的に伝わる。
278,すごいですね~~~,人物：黒髪ロングの女性が病院着を着て正面で手を叩き、後方に作業着姿の男女が立つ;表情：女性は優しく微笑み感心している様子;背景：病院やリハビリ施設の室内、明るい照明;効果：拍手の擬音語「パチ」複数、感嘆の吹き出し;トーン：穏やかで明るく落ち着いた雰囲気;印象：応援や賞賛、前向きな空気が伝わる
279,何だこの展開……,人物：短髪の少年、制服姿、正面を向いて硬直した姿勢;表情：大きく見開いた目と汗、驚きと困惑;背景：白背景、場所や時間帯の描写なし;効果：集中線なし、シンプルな描写で表情強調;トーン：緊張感、唐突さが漂う雰囲気;印象：急展開に戸惑う様子、読者も驚きを共有
280, (パチパチ),人物：長い黒髪で前髪がある若い女性、ゆったりした服、手を前に出している;表情：わずかに微笑み、穏やかで自信がある様子;背景：白く省略され、場所や時間帯は不明;効果：手の動きに効果線と「パチ」という擬音語;トーン：落ち着いた、穏やかな雰囲気;印象：読者に安心感や信頼感を与える
281,イエス!!,人物：短髪の若い男性、チェック柄のシャツ、拳を握りしめている;表情：興奮や喜び、達成感が感じられる表情;背景：白背景で場所や時間帯は不明;効果：汗や線で動きと緊張感を強調、セリフ「イエス!!」あり;トーン：情熱的でエネルギッシュな雰囲気;印象：努力が報われた瞬間を強烈に伝え、読者に熱意を感じさせる
282,結果的に自立心を奪うきっかけになるんじゃないのでしょうか……?,人物：短髪の少年、制服姿、うつむき加減で真剣な表情;表情：不安や悩みを抱えつつも冷静に考えている様子;背景：シンプルなグラデーション、場所や時間帯は不明;効果：トーンや細かい陰影で心理的重さを表現;トーン：全体的に暗く、重苦しい雰囲気;印象：読者に深刻な問題意識や葛藤が伝わる
283,私にそんな話をするなんて……あなたもよっぽど話し相手がいないんですね……,人物：中年男性、薄毛、しわが目立つ顔、シャツを着用、やや前かがみ;表情：半眼で冷静、皮肉交じりの冷めた表情;背景：暗いトーンの網掛け、場所や時間帯は不明;効果：線や影で顔の立体感強調、インパクト重視;トーン：陰鬱で重い、若干の哀愁や皮肉も;印象：孤独感や人間関係の希薄さを強く感じさせる
284,私に言わせればね……彼は確信犯ですよ……,人物：中年男性、シワの多い顔、和服を着てうつむき加減;表情：口元に不敵な笑み、目は細めて疑念や蔑みを含む;背景：グラデーショントーンで場所や時間は不明、閉鎖的な雰囲気;効果：線による陰影とハッチング、画面全体に緊張感を強調;トーン：全体的に暗く重い、シリアスで不穏;印象：読者に不安や警戒心を抱かせる、不吉なメッセージを伝える
285,そしたら私……きっと悲しいです……,人物：長い黒髪で前髪あり、和服風の服装、俯き加減で正面を向く女性;表情：涙を流し目を伏せ、深い悲しみや絶望を感じる;背景：白地で背景描写無し、場面の時間帯や場所は特定できない;効果：涙の描写が強調され、コマ全体に繊細なトーン処理;トーン：全体的に暗く静かな雰囲気、重苦しさが漂う;印象：読者に強い哀しみや共感を与え、心情の深さが伝わる
286,あ……,人物：短髪でチェック柄シャツを着た若い男性、肩をやや落とし立っている。;表情：驚きや戸惑いがあり、汗をかいて緊張や困惑を感じている。;背景：完全に白抜きで背景情報なし。;効果：視覚効果なし、吹き出しのみ「あ……」。;トーン：静かで緊張感のある雰囲気。;印象：戸惑いや驚きを静かに伝え、読者に異変を感じさせるコマ。
287,帰ります……,人物：長髪の女性が座り、チェック柄の服を着た男性が立っている;表情：どちらも顔が見えず感情は分かりにくいが、沈黙や諦めを感じる;背景：室内、人工照明、植物や机、夜や夕方の静かな環境;効果：特別な集中線や擬音語なし、静けさを強調;トーン：静かで重苦しい、緊張感や寂しさが漂う;印象：別れや終わりを連想させる、読者に孤独感が伝わる
288,やっぱり帰りません……,人物：肩までの黒髪、チェック柄のシャツ、後ろ姿で直立;表情：顔は見えないが、迷いや決意が感じられる;背景：白一色で場所や時間帯の情報なし;効果：余白が多く、セリフのみ強調;トーン：静かで重い、沈黙を伴う雰囲気;印象：葛藤や決意を伝え、読者に余韻と考えさせる場面
289,それで全部ですか……?であればここで議論は終わらせて頂きたいのですが……,人物：中年男性、長髪、スーツ姿、顎に手を当てて考えるポーズ;表情：眉をひそめ、冷静かつ疑念や不信感を抱いている表情;背景：白抜きで描写なし、場所や時間帯は不明;効果：細かい斜線で陰影を強調;トーン：全体的に重苦しく、緊張感が漂う;印象：冷徹で威圧的、会話を一方的に終わらせようとする姿勢が伝わる
290,分かってます……僕は毎日少しずつ前進しています……,人物：チェック柄シャツを着た短髪の男性、やや太めで落ち着いた姿勢。;表情：控えめな微笑み、淡々とした眼差しに自信と真剣さ。;背景：白地でシンプル、場所や時間の描写なし。;効果：主に集中線やトーンで人物が強調されている。;トーン：静かで真面目、日常のひたむきさが感じられる。;印象：地道な努力と前向きな気持ちが読者に伝わる。
291,ジュースが飲みたいな……,人物：長髪でワンピース姿の女性、立ち姿で手に何か持っている;表情：シルエットで表情は見えないが、落ち着いた様子;背景：畳か木製の床の室内、大きな窓、机;効果：特に大きな効果線や擬音語はなし;トーン：静かで落ち着いた雰囲気、やや寂しげ;印象：静寂の中で淡い願望や寂しさが伝わる
292,僕は歴史が得意です!暗記力はバツグンです!!,人物：短髪の男性、シャツ姿、やや前傾で緊張気味の姿勢;表情：目を見開き、口をやや開けて驚きや焦りが見える;背景：背景は白で描写なし、場所や時間帯は不明;効果：顔の汗や線で焦りや緊張を強調;トーン：緊張感が強く、ややコミカルな雰囲気;印象：自信を見せつつも必死さが伝わり、読者に微笑ましさや共感を与える
293,できたー!!,人物：数人の男性、丸顔や眼鏡、普段着、中央の男性が前傾姿勢;表情：驚きと喜びが混じった顔、目を見開き口を開けている;背景：白背景、場所や時間帯は不明;効果：集中線や擬音語なし、セリフに強調表現;トーン：明るく、達成感や高揚感が漂う;印象：努力が実り、皆で喜びを共有する瞬間が伝わる
294,別にきっかけはなんでもいいの……。だけどここに来る事は自分で決めたんだよね……?,人物：長い黒髪、ノースリーブの服、横顔で俯きがち;表情：真剣で少し哀しげ、葛藤や迷いを感じる;背景：無地で描写なし、場所や時間帯の情報はない;効果：トーン処理で影強調、心理的緊張を演出;トーン：全体的に暗く重い、静かな緊張感;印象：自己選択と内省を促し、読者に深い考察を促す
295,僕は好きですと言える人がいるので……とても幸せです……,人物：中年男性、短髪、チェック柄のシャツ、バストアップの姿勢;表情：やや驚きつつも安堵と幸福感が混じった表情;背景：背景は白、場所や時間帯は特定できない;効果：部分的な陰影と線による質感表現、視覚効果は控えめ;トーン：穏やかで静かな幸福感;印象：心からの幸せと感謝の気持ちが静かに伝わる
296,どうしたんですか……?急に……,人物：長い黒髪で前髪がまっすぐ、シンプルな服を着た女性、ややうつむき加減;表情：驚きや戸惑いが感じられる落ち着いた顔;背景：背景は描写なし、場所や時間帯は不明;効果：効果線や擬音語は使用されていない;トーン：静かでやや緊張感のある雰囲気;印象：突然の出来事に対する疑問や不安が伝わる
297,理由はよく分からないけど……そんな気がした……,人物：若い男女、短髪で制服風の服、やや上向きで並んで立つ;表情：驚きと期待感が混じる穏やかな表情;背景：グレーのグラデーション、ぼんやりとした光源、場所は不明;効果：光の粒子とグラデーションで神秘感を演出;トーン：静かで幻想的、柔らかい雰囲気;印象：未知への期待や希望、少しの不安が伝わる
298,皆幸せになれる……,人物：男女二人、肩ほどの長さの髪と短髪、シンプルな服装、手をつないで立つ;表情：後ろ姿のみで無表情だが、静かな意志や希望を感じる;背景：大きな月が浮かぶ夜空、屋外、静かな雰囲気;効果：月の強い光によりキャラクターのシルエットが際立つ;トーン：穏やかで壮大、未来や希望を感じさせる;印象：読者に静かな希望や再生、願いの強さが伝わる
299,それが私の仕事です……,人物：中年の男性、短髪、太め、スーツ姿、正面を向き直立;表情：薄く笑みを浮かべ、目は半開きで無表情に近い;背景：背景はベタ塗りとトーンで室内か不明、環境情報なし;効果：集中線や擬音なし、影とトーンで立体感強調;トーン：全体的に暗めで落ち着いた雰囲気;印象：淡々とした冷静さや諦観、プロ意識を読者に伝える
300,あせる必要はありません。全部をうまくやろうとしなくていいんですよ,人物：短髪でチェック柄の服を着た若者、前かがみの姿勢;表情：穏やかな微笑み、安心や余裕を感じさせる;背景：白い点描による抽象背景、場所や時間帯は不明;効果：点描トーンで静かな雰囲気、吹き出しが強調;トーン：落ち着いた、優しい、安心感のある雰囲気;印象：読者に「焦らず大丈夫」と安心感や励ましを与える
301,私を待たないで下さい……,人物：長髪の女性と短髪の男性、コートや冬服を着用し立っている;表情：女性はうつむき加減で悲しげ、男性は無表情;背景：雪が降る屋上、手すりがある場所、夕方や夜;効果：雪のトーンで静寂感を強調;トーン：切なく重い雰囲気;印象：別れや決意、感情のすれ違いが伝わる
302,ヒマだったら遊ばない?,人物：メッシュ帽、メガネ、ヒゲ、パーカー姿の男性、正面向きで座っている;表情：無表情、やや無気力や無関心な様子;背景：背景なし、人物のみ強調されている;効果：縦線のトーン、セリフの吹き出し、煙のような線;トーン：緊張感や重苦しさ、静けさがある;印象：読者に沈黙や虚無感、やや不安な雰囲気を伝える
303,私が全部悪いの……,人物：長い黒髪の少女、アップの横顔、制服風の服装;表情：涙を流し、悲しみや後悔がにじむ;背景：雪が舞う屋外、時間帯は不明;効果：涙線や頬の斜線で感情強調、雪の粒子;トーン：暗く重い、切ない雰囲気;印象：自己嫌悪と罪悪感、読者に深い共感と哀しみを与える
304,いつまで臭いものにフタをするつもりなのかね……。自分が臭いことに気付いてない連中が多すぎる……,人物：中年男性、スーツ姿、顔を斜め下に向ける;表情：眉をひそめ沈鬱な表情、思索的;背景：単色のベタ、室内か不明、時間帯は不明;効果：斜線トーンで陰影強調、重苦しさ演出;トーン：暗く重い、内省的な雰囲気;印象：問題から目を背けてはならないという警鐘が伝わる
305,状況を報告しろ,人物：中年男性が中心でスーツ姿、後ろに無表情の数名が立つ;表情：中心人物は疲れや困惑が表れた顔;背景：室内、具体的な装飾なく人物が密集;効果：集中線や擬音語なし、細かい影や斜線で緊張感を演出;トーン：全体的に暗く重苦しい雰囲気;印象：重圧や追い詰められた状況が伝わる
306,当然です,人物：太い眉毛と鋭い目つきを持つ男性、顔のアップ;表情：鋭い目で真剣かつ自信に満ちた表情;背景：モノクロで背景なし、人物中心;効果：細かいトーンと影で重厚感を演出;トーン：緊張感があり重々しい雰囲気;印象：強い意志と覚悟が伝わり、読者に迫力を与える
307,大衆が知りたがっているんだ……。それを伝えるのが仕事だ,人物：中年男性、ワイシャツとネクタイ、肩を少しすくめた姿勢。;表情：やや憂いを含んだ真剣な顔、落ち着きや諦念が感じられる。;背景：真っ白な背景、場所や時間帯は不明。;効果：線の陰影や点描による緻密な描写、効果線なし。;トーン：静かで重々しい、やや暗い雰囲気。;印象：読者に重い責任感や社会的役割への自覚を伝える。
308,しかし!!,人物：スーツ姿の男性たち、筋肉質で無精ひげが特徴的な人物が中央に立つ。;表情：中央の男性は鋭い目つきで険しい表情。;背景：オフィス風の室内、机や書類が散乱している。;効果：雨のような縦線や大きなフキダシ「しかし!!」で緊張感を強調。;トーン：全体的に暗く、重苦しい雰囲気。;印象：一触即発の緊張感と強い主張が伝わるシーン。
309,止められない……,人物：複数の男女がスーツやオフィスカジュアル姿で無表情に歩く;表情：中央の人物はうつむき沈んだ表情;背景：オフィス内、書類が散らばる大きな机と椅子;効果：特に集中線や擬音語はなく静かな描写;トーン：暗く重い、緊張感や諦めの雰囲気;印象：無力感や状況の重さを読者に伝える
310,この流れは……自分1人の力では止められない……,人物：中年男性、スーツ姿、直立し群衆の中で孤立;表情：困惑と諦めが混じる沈んだ表情;背景：群衆が一方向に流れる曖昧な都市空間、時間帯不明;効果：全体にスピード線と流れる効果で流れを強調;トーン：緊張感と閉塞感が漂う暗い雰囲気;印象：個人の無力さや抗えない社会の流れへの無力感が伝わる
311,最近ホント多くない?マジなんとかしてくんねーとヤバイって~,人物：多数の人が傘やコートを着用し、歩道を歩いている;表情：遠目のため詳細不明だが、無表情か淡々とした様子;背景：夜か夕方、雨の降る街中、舗装された道路;効果：地面の光の反射や雨粒で静かな臨場感を演出;トーン：やや暗く静けさと寒さを感じる;印象：現代の日常の孤独感や憂鬱さを読者に伝える
312,ひとまず解散しましょう,人物：白衣姿の男女約12名が円卓を囲み、中央に年配男性が立つ。<br>;表情：全員真剣かつ沈痛な表情で緊張感がある。<br>;背景：会議室、窓や額縁があり日中の室内。<br>;効果：線画と濃淡トーンで重苦しさを演出。<br>;トーン：全体的に暗く重い雰囲気。<br>;印象：事態の深刻さや絶望感が強く伝わる。
313,見せるべきじゃないと思っているんです……。”こんな狂ったモノ”はね……,人物：白髪の中年男性が椅子に座り、もう一人の人物が背中越しに描かれている。;表情：白髪の男性は険しい表情で真剣、または困惑した様子。;背景：本棚があり、書斎やオフィス風の室内で日中の可能性が高い。;効果：網点によるトーン処理のみ、強い効果線はなし。;トーン：重苦しく緊張感が漂う雰囲気。;印象：読者に危険・異常な内容への警戒心や不安を与える。
314,結局自分には……何ができるんだ……!?,人物：短髪の若い男性、スーツ姿、俯きがちにうつむいている。;表情：眉を寄せ、唇をかみ締めて悩みや葛藤が表れている。;背景：単色とトーンで構成され、場所や時間は特定しにくい。;効果：シャドウや濃い線で強調し、心理的圧迫感を表現。;トーン：暗く重い、不安や自己否定感が漂う雰囲気。;印象：自分の無力さに苦しみ、読者に共感や切実さを伝える。
315,何ですか……?これは…… (ピラッ),人物：中年男性、無精髭、スーツとネクタイ、資料をめくる姿勢;表情：険しい顔つきで困惑や疑念の表情;背景：白無地、場所や時間帯の情報なし;効果：資料をめくる「パラッ」という擬音語;トーン：緊張感があり重い雰囲気;印象：謎や不安を感じさせるシーン
316,しかし現実にこうして事件が起きているでしょうがああああ!!,人物：中年男性、短髪、険しい表情、大きく口を開けて叫ぶ姿勢;表情：怒りや焦りが強く表れている;背景：白と斜線で描かれ、場所や環境は不明;効果：集中線が使われ、緊張感と迫力を強調;トーン：全体的に暗く重い、緊迫した雰囲気;印象：緊急事態や衝撃的な出来事への強い動揺を読者に伝える
317,申し訳ありませんでした……!!,人物：二人、スーツ姿の男性が深く頭を下げ、もう一人は椅子に座っている。;表情：謝罪する側は表情が見えないが、強い反省や恐縮が感じ取れる。;背景：室内、木製の床と壁、会議室や応接室のような場所。;効果：セリフの吹き出しが大きく強調されている。;トーン：重々しく、緊張感が漂っている。;印象：切迫感と誠意ある謝罪の場面、読者に誠実さや緊張を伝える。
318,どうしますか……?もしかしたら聞かない方がいい話かもしれませんよ……,人物：長髪で中年男性、細身、無表情で横顔、スーツ風の服装;表情：鋭い目つき、口を結び、警戒や警告を感じさせる;背景：白背景、時間帯や場所は不明;効果：人物強調のための影とトーン使用、集中線なし;トーン：重苦しく緊張感のある雰囲気;印象：重大な秘密や真実に対する警告、読者に不安を与える
319,精神障害者を装えば無罪になると思ったんでしょうね……,人物：中年男性、長髪、スーツ姿、斜め下を向く姿勢;表情：鋭い眼差しと険しい口元、冷徹な印象;背景：単色のグラデーション、場所や時間帯は不明;効果：集中線やトーンで緊張感を強調;トーン：全体的に暗く重苦しい雰囲気;印象：冷たい視線で真実を突く、鋭さと緊張感が伝わる
320,キチガイのフリをすれば……何をやっても許される……,人物：中年の男性、白髪、白いスーツ、太めのネクタイ、正面をにらむ;表情：鋭い目つきと口元で怒りや威圧感を表現;背景：単色トーンで背景は簡素、場所や時間は不明;効果：細かい線や陰影で緊張感を強調;トーン：暗く重苦しい、圧迫感や緊張が漂う;印象：読者に不安や恐怖、危険な思想を強く印象付ける
321,症状の種類も程度も様々です……。自分の責任で行動できる人もたくさんいます……,人物：中年の男性、長髪、白髪交じり、スーツ姿、スカーフを首に巻く、正面を向く;表情：険しく真剣な顔つき、眉を寄せる、口元が引き締まる;背景：グラデーショントーン、室内で時間帯不明、詳細な環境描写なし;効果：細かい陰影線、集中線なし、トーンで緊張感を演出;トーン：全体的に重く暗い雰囲気、緊張感と威圧感が強い;印象：読者に威厳や重圧、シリアスな状況を伝え、発言の重みを感じさせる
322,これは毒です……,人物：中年男性、長髪、スーツ、うつむき加減で立つ;表情：暗く険しい、沈痛さや決意が感じられる;背景：白一色、場所や時間帯は不明;効果：画面下部に黒いトーンと線、重苦しさを演出;トーン：暗い、不穏で緊張感が強い;印象：危険や絶望を予感させる、重いメッセージが伝わる
323,まだ確信できる段階の情報ではありませんが……男には詐病の可能性があります……,人物：中年男性、短髪、スーツ姿、正面を見て硬い表情、顔に汗;表情：緊張と不安が感じられ、重苦しい印象;背景：網点処理のみで詳細描写なし、屋内の可能性;効果：顔に影線と汗、緊迫感を強調;トーン：緊張感が強く、沈んだ雰囲気;印象：話の深刻さや不穏な事態を強調し、読者に不安を伝える
324,単なる推測にすぎない……,人物：中年男性、短髪、太い眉毛、無精ひげ、スーツ姿、前かがみの姿勢;表情：険しい顔つき、疑念や不満の感情が読み取れる;背景：単色のトーンで表現され、場所や時間帯は特定できない;効果：顔の輪郭や影に細かい線、強調のための眉間のしわ;トーン：暗く、緊張感と重苦しさが漂う;印象：冷静ながら不信感を抱いており、読者に警戒感やシリアスさが伝わる
325,ネタ元は誰ですか……?,人物：スーツ姿の男性多数、座って会議に参加し真剣な態度;表情：中央の男性は険しい表情で緊張や疑念が見える;背景：会議室、昼間、蛍光灯の明るい照明、窓とブラインド;効果：背景にトーン、人物描写が細かく集中線やスピード線なし;トーン：全体的に重く緊張感のある雰囲気;印象：張りつめた空気で、真剣な議論や追及が伝わる
326,(ゴク..),人物：中年男性、厚い唇、短髪、シワが目立つ顔、Tシャツ姿、紙コップを持つ;表情：少し緊張・不安げで慎重な目つき;背景：無地の白、場所や時間は不明;効果：汗、ゴクリの擬音、思考の吹き出し、細かいスクリーントーン;トーン：緊張感や慎重さ、やや重い雰囲気;印象：気まずさや躊躇を感じさせ、飲み物への不安や迷いが伝わる
327,いや……そんな単純な話ではない……,人物：中年男性、スーツ姿、太めの体型、真正面からのバストアップ;表情：鋭い目つきと口元が険しく、警戒や不信感が伺える;背景：白く無地、詳細な環境描写なし、場所や時間は不明;効果：顔の陰影による緊張感の強調、集中線や擬音語なし;トーン：暗く重苦しい雰囲気、シリアスな場面;印象：簡単に解決できない深刻な事態を伝え、読者に緊張を与える
328,あなたのように生きられれば楽でしょうなあ……。組織を無視して自分の正義をつらぬけばいいんですから……,人物：スーツ姿の中年男性二人、落ち着いた立ち姿;表情：後ろ姿で表情は見えないが、会話の内容から皮肉や諦念を感じる;背景：温室風の室内庭園、日中、植物が多い静かな環境;効果：トーンと細やかな線で緊張感と静寂が表現;トーン：暗さと重苦しさ、静けさが漂う;印象：組織や正義についての葛藤・孤独、読者に重いメッセージを伝える
329,あなたの記事は無意味だ,人物：中年男性、スーツ姿、前傾姿勢で鋭い視線;表情：眉をひそめ厳しい・冷徹な表情;背景：窓際で外の木が見える、昼間の学校か施設;効果：強い影・濃淡で緊張感強調;トーン：全体的に暗く重苦しい雰囲気;印象：威圧感があり冷酷、相手を突き放すメッセージ
330,そうは言っていない!!,人物：中年男性2人、スーツ姿、正面の人物は怒りのジェスチャー;表情：上の人物は眉をひそめて怒り、下の人物は後ろ姿で感情不明;背景：屋外の石畳、夜または夕方、植木や壁がある;効果：集中線や強調した吹き出しで迫力を表現;トーン：全体的に暗く、緊張感が漂う;印象：激しい対立や言い争いの場面で、緊迫した雰囲気が伝わる
331,お前らがそれを言うなああああああああ!!,人物：スーツ姿の男性が前傾姿勢で怒鳴り、もう一人が背中を向けて対峙している。;表情：怒号を上げて目を見開き、激しい怒りと興奮が読み取れる。;背景：タイル張りの床、カーテンのある室内、夜間の可能性が高い。;効果：スピード線や濃い陰影で緊張感を強調、巨大な台詞で迫力。;トーン：暗く重い、強い緊張感と迫力が漂う雰囲気。;印象：怒りと対立、感情の爆発的高まりが読者に強く伝わる。
332,建て前だけでものを言うな……,人物：中年男性、短髪、スーツ姿、顔をしかめ前傾姿勢;表情：怒りと苛立ち、険しい目つきと固く結んだ口元;背景：背景なし、人物の顔が大きくクローズアップ;効果：強い斜線の陰影、汗、セリフの吹き出し;トーン：緊張感と圧迫感が強い;印象：威圧的な態度や本音を突く強いメッセージが伝わる
333,お前らさんざん傷つけてきたじゃないか……,人物：スーツ姿の男性二人、後ろ姿と正面、体格が良い;表情：正面の男は怒りや憤りを感じさせる鋭い表情;背景：ガラス張りの建物、植物が多く昼間の屋外;効果：トーン処理で重厚感、背景に集中線なし;トーン：緊張感が漂い、重苦しい雰囲気;印象：対立や怒りの場面で、読者に緊迫した関係を感じさせる
334,売りたいだけだろ……?,人物：中年男性、オールバック、スーツ姿、顔を大きく前に出す;表情：鋭い視線としかめ面、不信と疑念が表れている;背景：背景は省略され、人物の顔が強調されている;効果：クロスハッチの影、汗、セリフの吹き出し;トーン：重苦しく緊張感が漂う雰囲気;印象：相手を問い詰める圧迫感、真意を見抜こうとする強い意志
335,で?,人物：屈強な男、スーツ姿で無精髭、太い眉と鋭い目;表情：眉をひそめた険しい表情、威圧感と無関心;背景：白背景、場所や時間の情報なし;効果：集中線と斜線による緊張感強調;トーン：暗く重苦しい雰囲気;印象：読者に圧倒的な威圧感や冷淡さを伝える
336,売れることは悪じゃない……,人物：中年男性、鋭い目つき、スーツ姿、無精ひげ、正面から描かれている;表情：無表情で冷静、厳しさや威圧感が漂う;背景：白背景で場所や時間帯は不明、空白が強調されている;効果：トーンや陰影が濃く使われ緊張感を強調;トーン：全体的に暗く重い雰囲気;印象：読者に威圧感や緊張、不安を与える
337,ゴミだ,人物：スーツ姿の男性2人、立ち姿で向かい合っている;表情：遠目で見えにくいが、冷淡・険しい雰囲気;背景：ガラス張りの温室・植物園、昼間、植木が多い;効果：擬音や集中線はなく、リアルな描写中心;トーン：静かだが緊張感、冷たい雰囲気;印象：冷酷な発言が強調され、読者に威圧感や重苦しさを与える
338,また起こるぞ……,人物：丸顔の中年男性、スーツ姿、正面を向いて直立;表情：驚きと不安が混じった表情;背景：白無地で描写なし、場所や時間帯不明;効果：太い影とトーンで緊張感を強調;トーン：暗く、緊張感が漂う;印象：何か不吉な出来事の前触れを感じさせる
339,今回のケースは特殊な例ではない……,人物：スーツ姿の男二人、前景の男は屈強で険しい顔、後方の男は中肉中背。;表情：前景の男は鋭い眉と真剣な表情、緊張感が漂う。;背景：ガラス張りの施設前、中庭にヤシの木があり日中。;効果：線の濃淡と陰影で重厚感、集中線なし。;トーン：全体的に暗く重々しい雰囲気。;印象：事件の重大さや緊張感、日常との隔絶が強調される。
340,先生……僕が怖いですか……?,人物：中年男性、七三分けの短髪、チェック柄シャツ、やや前かがみで顔を近づける。;表情：真剣で鋭い目つき、不気味な微笑、緊張と不安を与える。;背景：背景は白、環境の詳細なし、場面の緊張感を強調。;効果：集中線や効果線なし、陰影と線で重厚感を表現。;トーン：全体的に重く暗い、不穏な雰囲気。;印象：不気味さや威圧感が強調され、心理的圧迫を読者に与える。
341,初めは怖かったです……,人物：短髪の男性、シャツ姿、うつむき気味で背中を向けている;表情：顔が少し伏せられ、不安や後悔が感じられる;背景：室内、窓際、曇った空が外に広がる;効果：縦線のトーンや影で重苦しさを強調;トーン：暗く重い、静かな雰囲気;印象：読者に孤独や不安、内面の葛藤を強く印象づける
342,キチガイだから怖いっていうんですかあぁあああ!!,人物：長髪の女性が下を向き腕を前で組む、対面には白衣の男性が立つ。;表情：女性は顔を伏せており、不安や後悔、絶望感がにじむ。;背景：室内の面会室、仕切りガラスと椅子、閉ざされた空間。;効果：セリフを強調するギザギザの吹き出し。;トーン：緊張感と重苦しい雰囲気、暗い印象。;印象：狂気や恐怖、人間の心の闇を強く感じさせるコマ。
343, 多数派が正常で少数派が異常……。ただそれだけの事かもしれないんです……,人物：前髪のある女性が机越しに座り、男性が背中を向けて対面、もう一人が立っている。;表情：女性は下を向き憂い気味、内省的で不安な印象。;背景：木製の壁や床、和室風の室内、昼間の柔らかい光。;効果：集中線や擬音語なし、静かな雰囲気を強調。;トーン：落ち着いたが重苦しい、深い思索や葛藤の空気。;印象：社会的な孤立感や少数派の葛藤を読者に伝える。
344,先生のお話は難しくてよくわからないわ……,人物：長い黒髪に前髪、落ち着いた服装、ややうつむき加減;表情：目を伏せてニヤリと微笑み、内心を隠している;背景：室内、柱が見える、詳細は省略;効果：モノクロの細かい描線、トーンで陰影強調;トーン：暗めで緊張感や不気味さが漂う;印象：表情と言葉にギャップがあり、不穏な空気を感じさせる
345,それは予想ではなく事実ではありませんか……?,人物：中年男性、センター分けの髪、スーツ、ドット柄のスカーフ、やや前かがみ;表情：重苦しい顔、まぶたが重く疑念・憂鬱・諦観を感じる;背景：背景は無地で、場所や時間帯の情報なし;効果：線による陰影強調、集中線や擬音語なし;トーン：全体的に暗く緊張感が漂う;印象：冷静かつ重い指摘で、読者に真実の重みを伝える
346,分からないです……,人物：長髪でワンピース姿の少女、椅子に座り前かがみの姿勢;表情：俯き加減で不安・困惑が感じられる;背景：白一色で背景描写なし、場所や時間の手がかりなし;効果：視覚効果なし、セリフのみ;トーン：静かで重い、沈黙が漂う雰囲気;印象：戸惑いや心の葛藤が伝わり、読者に切なさを感じさせる
347,誰が悪かったんだろう……?,人物：フード付きの上着とズボンを着た若者、ポケットに手を入れてうつむき歩く。;表情：顔は見えないが俯き加減で沈んだ様子。;背景：夜の人気のない歩道、街灯と枯れた木々が並ぶ。;効果：細かいトーンと影、木々の線が不安感を強調。;トーン：全体的に暗く静かな雰囲気、緊張感が漂う。;印象：孤独や後悔、誰が悪いのか悩む葛藤が伝わる。
348,教えてください……。先生は何がしたいんですか……!?,人物：白衣を着た男性2人、1人は正面、もう1人は背中側で立っている;表情：正面の男性は険しく不安げな表情;背景：室内、机と書類、窓や棚がある;効果：重い線による影、緊張感を表現;トーン：暗く重苦しい、真剣な雰囲気;印象：何か重大な問いかけや葛藤が伝わり、読者も緊張する
349,私には社会を相手に偏見と闘う組織力もなければ……発言力もありません……,人物：中年男性、長い髪、顔に影、スーツ風の服;表情：落ち着いたが苦悩や諦念が伺える;背景：詳細不明、白とトーン処理のみ;効果：濃淡のトーンと影で陰鬱さを強調;トーン：暗く重い、内省的;印象：無力感や葛藤、社会への孤独感が伝わる
350,私には力がありません……,人物：中年男性、スーツ姿、うつむき加減で立っている。;表情：落ち込んだ様子、口元が下がり目線は下向き。;背景：白背景で場所や時間帯の情報なし。;効果：視覚効果なし、シンプルな描写。;トーン：全体的に暗く重苦しい雰囲気。;印象：無力感や諦念、読者に哀愁や悲しみが伝わる。
351,何もしない……,人物：白衣を着た中年男性が俯き、前にもう一人の人物が座っている;表情：白衣の男性は顔を伏せて重苦しい表情;背景：書類や本が並ぶ室内、日中のオフィス風景;効果：セリフに余白、視線誘導の俯瞰構図;トーン：全体的に暗く重い、緊張感が漂う;印象：絶望や無力感が伝わり、読者に不安を与える
352,待ってください!!何もしないってどういう事ですか!?,人物：短髪の少年が白衣を着て前に出ている;表情：目を見開き驚きや焦り・必死さが表れている;背景：周囲は白抜きのグラデーションで場所は特定不可;効果：集中線と汗・口の開き、セリフの強調で緊迫感;トーン：緊張感が強く張り詰めた雰囲気;印象：戸惑いや反発、正義感が読者に伝わる
353,確信犯……,人物：若い男性、前髪が長く、顔のアップで表現されている。;表情：目を大きく見開き、驚愕や動揺を感じさせる。;背景：背景はほぼ無地で余白が多く、場所や時間帯は不明。;効果：汗や影、濃淡のトーンが緊張感を強調している。;トーン：緊張感と衝撃が強く、暗く重い雰囲気。;印象：読者に強い緊迫感や事件性を印象付けるコマ。
354,僕は1人でもやれる……,人物：中年男性、チェック柄シャツ、うつむき姿勢;表情：落ち込み、孤独感や自信のなさ;背景：室内、椅子と手すり、無機質な空間;効果：背景のトーンや影で静けさ強調;トーン：暗く重苦しい雰囲気;印象：孤独や自己主張の切なさが伝わる
355,証明してみせます……,人物：短髪で真剣な表情の青年、顔のアップ、シンプルな服装;表情：眉をひそめ、口を引き結び決意を感じさせる;背景：背景はグラデーションで場所や時間の特定なし;効果：顔に集中線と網点、多用な陰影で緊張感を強調;トーン：全体的に重くシリアスな雰囲気;印象：強い決意と覚悟、読者に真剣さが伝わる
356,本当にこれでいいんだろうか……?,人物：黒髪で前髪が目にかかる少年、制服姿、真正面を向いて立つ;表情：やや赤らんだ頬で無表情、戸惑いや不安が感じられる;背景：グレーのトーンのみで場所や時間帯は特定できない;効果：人物の顔に影と細かなトーン、緊張感を強調;トーン：落ち着いた暗さ、不安や迷いが漂う雰囲気;印象：読者に不安や葛藤を伝え、選択に悩む心情が印象的
357,謝りなさいよ,人物：中年女性、髪を後ろでまとめ、ニットを着用、顔が大きくアップで描かれている;表情：無表情、軽蔑や威圧感を感じさせる冷たい目つき;背景：真っ黒で場所や時間帯は不明、人物の顔だけが強調;効果：極端なクローズアップ、顔の細部に緻密な陰影線;トーン：不気味で重苦しい、圧迫感のある雰囲気;印象：強い威圧感や恐怖、服従を強要するメッセージが伝わる
358,何よあんた……。バカじゃないの……,人物：年配の女性、ヘアバンド、しわの多い顔、大きな目、チェック柄の服;表情：驚きと困惑、やや軽蔑した様子;背景：白地、背景描写なし、室内か不明;効果：集中線や擬音語なし、台詞強調;トーン：全体的に緊張感・不安感;印象：相手への強い疑念や呆れを感じる
359,狂ってるのはお前だ!!狂ってるのはお前だ!!,人物：太い眉に短髪、シワの多い顔、汗をかき、歯をむき出し大声で叫ぶ男性;表情：怒りと狂気が入り混じった激しい表情;背景：詳細な背景なし、人物の顔が大写し;効果：集中線と汗、セリフの強調で緊迫感を演出;トーン：全体的に重く緊張感が強い;印象：強烈な感情と対立、狂気の瞬間が伝わる
360,どう責任をとってくれるのよ……。私は被害者なのよ……,人物：中年女性、和服風の服装、髪をまとめており正面を見据える;表情：眉をひそめ口を曲げた威圧的かつ不満げな表情;背景：単色トーンで場所不明、背景描写なし;効果：顔の周囲に汗、強調線や陰影で緊迫感強調;トーン：全体的に暗く緊張や圧迫感が強い;印象：威圧的で責任転嫁する態度、読者に嫌悪や不審感を抱かせる
361,僕は……ここにいます……,人物：涙を流す短髪の男性、顔に汗、うつむき加減で横顔;表情：強い悲しみと苦悩、必死さがにじむ;背景：黒ベタとスクリーントーンで暗く抽象的;効果：汗や涙のアップ、濃い影、ハッチングが強調;トーン：重苦しく暗い、切迫した雰囲気;印象：絶望や孤独を訴える強い感情が伝わる
362,見ないで……こんな姿見られたくないわ……,人物：中年女性、長髪、パジャマ姿、横になり涙と涎を流している;表情：苦しみと恥じらい、弱さと絶望感が強く表れている;背景：ベッドで寝ている夜の室内、シンプルな空間;効果：細かい線や網掛けでリアルな質感と緊迫感を強調;トーン：暗く陰鬱で重苦しい雰囲気;印象：読者に痛々しさと切なさ、無力感を強く伝える
363,放せぇええぇえええ,人物：短髪でリーゼント風の髪型、筋肉質な男性、汗をかき叫ぶ姿勢;表情：目を見開き、口を大きく開けて叫んでおり、苦痛や必死さが表れている;背景：背景は白く単純化され、状況や場所の詳細は描かれていない;効果：セリフの大きな擬音、「放せえええ」の強調、汗が飛び散る描写;トーン：全体的に緊迫感が強く、切迫した雰囲気;印象：危機的状況で抵抗する人物の必死さと緊張感が読者に強く伝わる
364,先生……僕には居場所がないみたいです……,人物：短髪の男性、格子柄のシャツを着て直立し、やや見上げる姿勢;表情：目を見開き、不安や孤独を感じさせる強張った表情;背景：大きな満月が浮かぶ夜空、周囲は暗くシンプル;効果：月を背景に強調線や点描のトーンが人物を際立たせる;トーン：全体的に暗く重苦しい、孤独感と緊張感が漂う;印象：孤立した心情や疎外感を強く読者に印象づける
365,記事にしていただけませんか……?,人物：中年男性、長めの髪、しわの多い顔、アップで描写;表情：鋭い目つきで真剣・切実な様子;背景：背景は描写なし、顔のアップ中心;効果：影や線で顔の陰影を強調;トーン：緊張感があり重苦しい雰囲気;印象：読者に強い訴えや深刻さを感じさせる
366,“僕は飛べる”。それが最後の言葉です,人物：短髪、スーツ姿、正面を見据えた若い男性;表情：真剣で決意に満ち、額に汗を浮かべている;背景：グラデーションのトーンで場所や時間帯は不明;効果：集中線やトーンによる強調、セリフの吹き出し;トーン：緊張感が強く、シリアスかつ重い雰囲気;印象：覚悟や決意が伝わり、読者に重圧やドラマ性を感じさせる
367,小沢さんはピーターパンになろうとしたんです……,人物：短髪で制服姿、顔が大きくアップ、左半分が影に包まれている;表情：目を見開き、眉をひそめ、戸惑いや緊張が感じられる;背景：抽象的な線と模様、時間帯や場所は特定できない;効果：集中線や影のトーン、モノクロの強い線描;トーン：緊張感と不安が支配する暗い雰囲気;印象：心理的な圧迫感や恐怖が読者に強く伝わる
368,他人のあなたに何がわかるっていうの……?,人物：中年女性、眼鏡をかけ、しわのある顔、横向き、涙を流している。;表情：悲しみと苦しみ、絶望感が強く表れている。;背景：暗い色調で奥行きがなく、場所や時間帯は不明。;効果：背景に黒のグラデーション、涙の効果線が強調。;トーン：重苦しく沈んだ雰囲気、緊張感が漂う。;印象：孤独感や絶望が伝わり、共感や哀しみを呼び起こす。
369,もう私なんて必要ないって言うの……?,人物：中年男性、眼鏡、短髪、スーツ姿、うつむき気味。;表情：悲しげ、不安、絶望感が漂う。;背景：白一色、場所や時間帯は不明。;効果：効果線なし、フキダシのみ。;トーン：全体的に暗く、重苦しい雰囲気。;印象：孤独や喪失感、自己否定の強いメッセージが伝わる。
370,本当は気づき始めてるんじゃないですか……?このままじゃどこにも行けないって……,人物：短髪、真剣な目つき、口元がやや開いた若者の顔のアップ;表情：驚きや恐れ、戸惑いの感情が強く表れている;背景：背景は描かれておらず、人物の顔が大きくクローズアップ;効果：集中線や細かい線で緊張感が強調されている;トーン：緊張感があり、切迫した雰囲気;印象：読者に葛藤や不安、現状打破の必要性を強く感じさせる
371,手を放す勇気も必要だと思いませんか……?,人物：短髪で瞳が大きく、顔に影がある若者、制服風の服を着用、真正面を向いている;表情：眉をややひそめ、口を結び、決意や切実さ、緊張感が伝わる;背景：背景はなく、人物の顔のみを強調;効果：顔に集中線や影の描写で緊張感や迫力を演出;トーン：全体的に暗く重い、シリアスな雰囲気;印象：切実な訴えと勇気ある決断の重要性が心に響く
372,認めません……,人物：眼鏡をかけた男性、涙を流しながら顔を歪めている;表情：絶望や悔しさ、強い拒絶の感情が表れている;背景：特に描写なし、人物の顔が大きく強調されている;効果：濃い影と線、涙、顔のクローズアップで感情を強調;トーン：暗く重苦しい、緊張感が漂う雰囲気;印象：強い意志と悲しみが伝わり、読者に切実な感情を与える
373,何も解決しませんでしたね……,人物：二人の男性、コート姿で無表情、ゆったり歩く;表情：冷静・落胆、目立った感情は読み取れない;背景：現代的な建物のテラス、夜か夕方、人気が少ない;効果：トーンや網点で陰影、静寂と重さを強調;トーン：暗く静かな雰囲気、落ち着いた印象;印象：解決できなかった虚無感や無力さを感じさせる
374,僕のしたことは無意味ですか……?,人物：若い男性、短髪、白衣姿、俯き気味で立っている;表情：眉をひそめ、口を結び、悲しみや失望が感じられる;背景：室内、壁が描かれているが詳細は少ない;効果：影で顔の半分が覆われ、緊張感を強調;トーン：全体的に暗く重い雰囲気;印象：無力感や虚しさが強調され、読者に共感や同情を呼ぶ
375,あなたのやり方では誰の賛同も得られない……。そんなことをしてあなたに何のメリットがあるのでしょう……?,人物：中年男性、長髪で後ろにまとめ、スーツ姿、横顔で真剣な表情。;表情：口元が固く、厳しく冷静な印象。;背景：高層マンション群の街並み、昼間、都会的な環境。;効果：トーンと細やかな線描、陰影で重厚感を演出。;トーン：全体的に暗く静かな雰囲気、緊張感が漂う。;印象：論理的で冷静な批判、読者に深い考察を促す印象。
376,何この人?この人もキチガイ?,人物：年配の女性が前方、後ろに医者風の人物と数人、皆立ち姿;表情：女性は無表情で疲労や諦念が見える;背景：病院の廊下、昼間、静かな環境;効果：スクリーントーンと陰影で重い空気感、集中線なし;トーン：全体的に暗く、重苦しい雰囲気;印象：異質感や不安、読者に不信や困惑を与える
377,大変じゃありませんか……?彼のような人とつきあっていくのは……,人物：大柄な男性、短髪、スーツ姿、上半身のみ描写、やや前傾姿勢;表情：まぶたが重く半眼で、疲労や困惑、不安が感じられる;背景：背景は描かれず、人物の顔がコマ全体を占めている;効果：細かい陰影線で緊張感や重苦しさを強調;トーン：全体的に暗く、重苦しい雰囲気;印象：読者に不安や戸惑いを伝え、人間関係の難しさを感じさせる
378,ジョン・レノンになりたかった……,人物：中年男性、七三分けの髪型、シャツ着用、俯いた姿勢;表情：落ち込んだ様子、口を真一文字に結び目を伏せている;背景：単色トーン、場所や時間帯は不明;効果：濃い影と点描トーンで陰鬱な雰囲気を演出;トーン：暗く重い、沈んだ雰囲気;印象：諦めや後悔が強く伝わり、読者に共感や切なさを与える
379,それは君が心配する問題ではない,人物：年配の男性、深いしわと隈、スーツ姿、うつむき加減;表情：鋭い目つきで冷静かつ威圧的;背景：背景は白一色で無地、場所や時間の特定なし;効果：細かい陰影トーン強調、緊張感を煽る描写;トーン：全体的に暗く重苦しい雰囲気;印象：強い権威と冷淡さ、読者に緊張感と威圧を伝える
380,ですがどんなに多くの人に読まれても……そこに伝えたい事がなければ”表現”ではありません……,人物：中年男性、短髪、スーツ姿、正面を見据える静かな姿勢;表情：無表情に近く目が半開き、冷静かつ達観した心情;背景：背景なし、人物のみが強調されている;効果：細かい斜線描写による陰影強調、セリフのふきだし強調;トーン：落ち着いた暗めの雰囲気、重みのある空気;印象：読者に真剣さや表現の本質を問いかける強いメッセージ性
381,つまりどんなに伝えたいことがあっても……誰も読まない記事は”表現”ではありません……,人物：中年男性、短髪、スーツ姿、正面を向き無表情。;表情：冷静で無感情、やや厳しさや諦めを感じる。;背景：背景は描かれておらず、人物の顔がクローズアップ。;効果：トーンによる影、線描による重苦しい雰囲気の強調。;トーン：暗く重い、シリアスで緊張感が漂う。;印象：読者に現実の厳しさや重いメッセージを伝える。
382,“表現”とは……誰かに何かを伝えるためにあります……,人物：中年男性、スーツ姿、直立し真面目な印象;表情：口を結び、やや伏し目で厳かな雰囲気;背景：白背景で場所や時間の情報なし;効果：効果線や擬音なし、シンプルな構図;トーン：静かで重々しい、落ち着いた雰囲気;印象：言葉の重みや真剣さが強調され、読者に考えさせるコマ
383,読者の興味をひく事だけがすべてですか……?,人物：年配の男性、シワのある顔、太い眉、スーツの襟が見える;表情：細めた目で冷静かつ疑問を抱いている様子;背景：抽象的な背景、特定の場所や時間は示されていない;効果：細かな線と影で重厚感を強調;トーン：重く緊張感のある雰囲気;印象：読者に思考を促し、問いかけるような印象
384,殺される覚悟がないのなら……舞台になんて上がらなければいい……,人物：背広姿の大柄な男性が手前に立ち、奥に複数の男性が集まっている。;表情：背面描写で表情は見えないが、威圧的で冷静な雰囲気。;背景：暗い室内、天井の蛍光灯と椅子が並ぶ会議室のような場所。;効果：人物のシルエットと濃い影で緊張感を演出。;トーン：重く暗い、不穏な雰囲気。;印象：威圧感と命の危険を感じさせ、緊迫した場面であることが伝わる。
385,後は好きにしてみろ……事件をここで終わらせるかどうかはお前の腕次第だ……,人物：中年の男性、七三分け、スーツ姿、正面から上半身アップ;表情：険しい目つきと真剣な口元、冷静で圧力を感じさせる;背景：無地、白抜きで背景描写なし、場所や時間帯は不明;効果：細かい線で顔の陰影強調、緊張感を演出;トーン：暗く重苦しい雰囲気、緊張感が高い;印象：威圧感があり、決断と責任を突きつけるシリアスな場面
386,燃え上がれ……遠くからでも見えるように大きく……,人物：中年男性、丸顔、スーツ姿、髪をなでつけている、正面を見下ろす姿勢;表情：目を細め、口を真一文字に結び、冷淡で威圧的;背景：背景はほとんど描写がなく、人物に集中;効果：力強い濃淡の陰影と集中を強調する描線;トーン：暗く重苦しい、緊張感が漂う;印象：読者に恐怖や威圧感を与え、強い権力を感じさせる
387,燃え上がれ……もっと強く熱く……,人物：中年男性、スーツ姿、ベンチに前傾姿勢で座る;表情：眉をひそめ、沈んだ表情から重圧や焦燥感;背景：室内、壁とベンチ、静かな場所、時間帯不明;効果：トーンで陰影強調、集中線などはなし;トーン：全体的に暗く重苦しい雰囲気;印象：葛藤や苦悩、心の中で自分を奮い立たせようとする決意が伝わる
388,窓を閉めるなって言ってるじゃない!!妖精が入って来れなくなったらどうするの!?,人物：長髪の女性がワンピース姿で棒を持ち、もう一人は髪が短くパジャマ姿で床に座る。;表情：女性は怒りや苛立ちが表れ、もう一人は背を向けて無表情。;背景：窓が壊れて外が見え、カーテンや本棚、散らかった部屋。夜の室内。;効果：集中線やスピード線は少なく、強調された陰影と破れたカーテンが緊張感を演出。;トーン：全体的に暗く、ピリピリした緊張感が漂う。;印象：読者に不安や異様さ、閉塞感を強く与えるシーン。
389,私は……何も変わらない……,人物：中年男性、スーツ姿、髪はオールバック、正面を鋭い目つきで見つめる;表情：冷静かつ硬い表情、不満や諦めの感情を示す;背景：無地、場所や時間帯の情報なし;効果：目元や顔に細かい陰影、強調された線画;トーン：暗く重い雰囲気、緊張感あり;印象：読者に不動の意志や諦観を伝え、重い決意を感じさせる
390,自分を責めても仕方がないじゃないですか……。原因を探ってもわからないことばかりなんですから……,人物：中年女性、メガネ、短髪、落ち着いた服装、下を向いている;表情：沈んだ表情、悲しみや諦めの感情が読み取れる;背景：室内、壁のみで詳細不明、時間帯不明;効果：影の強調、集中線なし、シンプルな描写;トーン：全体的に暗く重い雰囲気;印象：無力感や自己否定、読者に重い現実を投げかける
391,この先どこへ行っても……自分が変わらなければそれでいい……,人物：中年男性、長髪、無精髭、スカーフとコート姿、直立姿勢;表情：真剣でやや寂しげ、自信と決意を感じる;背景：曇り空が広がる屋外、時間帯不明、周囲に人影なし;効果：背景にトーン、台詞枠のみ、効果線なし;トーン：静けさと孤独感、少し重い雰囲気;印象：読者に自己を貫く強さや孤独な覚悟を感じさせる
392,スッポンの生き血だ。一気にいけ。ビンビンになるぞ。,人物：左はハチマキ姿、中年男性、中央は若い女性、右は老眼鏡の年配男性、全員座っている;表情：女性は緊張・戸惑い、左の男性は陽気、右の男性は落ち着き;背景：室内、飲食店のカウンター席、夜の雰囲気;効果：効果線や擬音語は未使用、吹き出しで会話強調;トーン：落ち着いたがやや緊迫感、コミカルさも感じる;印象：ユーモラスだが少し緊張感、登場人物間の温度差が伝わる
393,私は今回やりたいことをやらせてもらった……。だからどんな結果であれ受け止めようと思っている……,人物：中年の男性、スーツ姿、太め、椅子に座り直立。;表情：目を閉じ、落ち着きと覚悟を感じる顔。;背景：白一色で無機質、場所や時間帯の情報なし。;効果：トーンによる陰影のみ、効果線や擬音語なし。;トーン：重く真剣な雰囲気。;印象：読者に誠実さや決意、覚悟が伝わるシーン。
394,表という概念は……裏がなければ成立しません……,人物：スーツ姿の中年男性二人、机を挟んで対面し、着席している;表情：手前は後ろ姿、奥の男性は真剣でやや険しい表情;背景：書類が並ぶオフィス、昼間、無人の机と椅子が多い;効果：視線誘導の線や擬音語などの強い効果はなし;トーン：全体的に重くリアル、緊張感ある雰囲気;印象：読者に社会や人間関係の裏表を強く意識させる
395,同じことを続けるんですか……?,人物：中分けの黒髪、制服姿、正面を見上げるような姿勢;表情：驚きや不安を含んだ真剣な表情;背景：白一色で無背景、場所や時間帯の描写なし;効果：細かな陰影で緊張感を強調、集中線や擬音なし;トーン：静かで重い、緊張感のある雰囲気;印象：疑問や葛藤が伝わり、読者に思索を促す
396,まだ何も解決していませんよ……,人物：白髪の後ろ姿、スーツ姿、首元に模様入りスカーフ;表情：顔が見えず、無表情または沈黙を感じさせる;背景：白一色で場所や時間帯の描写なし;効果：視覚効果は特になし、シンプルな線画;トーン：落ち着いた静かな雰囲気、不安と緊張感;印象：状況が停滞していることへの焦燥や無力感が伝わる
397,走り続けること……。自転車を安定させるには止まっちゃダメなんだよ……。,人物：黒髪セミロング、ジャケット着用、正面を向いて静かに立つ;表情：穏やかな微笑みで自信や優しさが感じられる;背景：背景はグラデーショントーンのみ、場所や時間は特定できない;効果：全体に細かい斜線トーンで陰影を強調;トーン：落ち着いた静かな雰囲気;印象：前向きなメッセージと安心感を読者に与える
398,僕が全部壊してやる……。僕が全部創ってやる……。,人物：青年、短髪、パーカー姿、正面を見据える姿勢;表情：鋭い目つきと硬い口元から強い決意や怒り;背景：暗い場所、夜、煙や霧が立ち込める荒れた環境;効果：集中線や白い斑点が緊張感と劇的な雰囲気を強調;トーン：全体的に暗く重苦しく、切迫した雰囲気;印象：絶望からの反抗や新たな決意が伝わり、読者に強烈な印象を残す
399,止まってたまるか……。止まってたまるか……。,人物：短髪でフード付きの上着を着た若者、前傾姿勢で力強い印象;表情：眉をひそめ、強い決意や闘志が感じられる;背景：詳細な背景描写はなく、キャラクターが際立つ;効果：濃い影や線で緊張感を強調;トーン：暗く重い、緊張感のある雰囲気;印象：決して諦めない強い意志が読者に伝わる
